team_id,market,name,alias,founded,mascot,fight_song,championships_won,conference_id,division_id,venue_id
bcacfbac-3ab1-4d80-b852-943fb58d4796,Lenoir-Rhyne,Bears,LRU,,,,,151998c5-80e4-466f-aafe-0c25eb62de75,0c37e018-9a60-44dd-88af-e28ce4a4184b,
0d55a067-6556-47ac-b720-fc534c93ffce,Wingate,Bulldogs,WU,,,,,151998c5-80e4-466f-aafe-0c25eb62de75,0c37e018-9a60-44dd-88af-e28ce4a4184b,
b8828f0f-d7bb-4e7e-a278-854f509838e1,UVA Wise,Cavaliers,UVAW,,,,,151998c5-80e4-466f-aafe-0c25eb62de75,0c37e018-9a60-44dd-88af-e28ce4a4184b,
22739891-4203-4907-9b2c-2a416d007105,Carson-Newman,Eagles,CNU,,,,,151998c5-80e4-466f-aafe-0c25eb62de75,0c37e018-9a60-44dd-88af-e28ce4a4184b,
e82960cb-8abc-4bee-9624-298bbb623941,Catawba,Indians,CC,,,,,151998c5-80e4-466f-aafe-0c25eb62de75,0c37e018-9a60-44dd-88af-e28ce4a4184b,
f870de05-89cf-48fc-9649-8cfa325f8f66,Mars Hill,Lions,MHU,,,,,151998c5-80e4-466f-aafe-0c25eb62de75,0c37e018-9a60-44dd-88af-e28ce4a4184b,
88006ae0-74e0-4d9a-a447-7c7bc3275a42,Tusculum,Pioneers,TC,,,,,151998c5-80e4-466f-aafe-0c25eb62de75,0c37e018-9a60-44dd-88af-e28ce4a4184b,
23efdc8b-f31b-4827-bc04-15cdd9edbe78,Limestone,Saints,LIME,,,,,151998c5-80e4-466f-aafe-0c25eb62de75,0c37e018-9a60-44dd-88af-e28ce4a4184b,249112d0-3965-4f2f-a110-2e137de9f1e5
5bd3392e-c876-45c3-aa04-3c668d1bec85,Newberry,Wolves,NC,,,,,151998c5-80e4-466f-aafe-0c25eb62de75,0c37e018-9a60-44dd-88af-e28ce4a4184b,
fe17b7e0-9547-40e4-a5aa-f766c8c320bc,New Mexico Highlands,Cowboys,NMHU,,,,,201ef749-4ed4-4474-88ce-91bc1119436e,0c37e018-9a60-44dd-88af-e28ce4a4184b,
f4a0ba75-0d10-4ef9-95ac-66eaa44e0851,Chadron State,Eagles,CSU,,,,,201ef749-4ed4-4474-88ce-91bc1119436e,0c37e018-9a60-44dd-88af-e28ce4a4184b,
775f81ea-0942-458c-8e7a-e24f98800ac3,Adams State,Grizzlies,ADAM,,,,,201ef749-4ed4-4474-88ce-91bc1119436e,0c37e018-9a60-44dd-88af-e28ce4a4184b,
542d0895-0f3e-4ef8-a2fa-99cfad478e2b,South Dakota Mines,Hardrockers,SDSMT,,,,,201ef749-4ed4-4474-88ce-91bc1119436e,0c37e018-9a60-44dd-88af-e28ce4a4184b,
3a860a07-ec2b-4237-b6d0-45e018ebd6b7,Colorado Mesa,Mavericks,CMU,,,,,201ef749-4ed4-4474-88ce-91bc1119436e,0c37e018-9a60-44dd-88af-e28ce4a4184b,
decc2870-8660-4f2c-8674-fe05ee6b1b7e,Western Colorado,Mountaineers,WSC,,,,,201ef749-4ed4-4474-88ce-91bc1119436e,0c37e018-9a60-44dd-88af-e28ce4a4184b,
935ac597-31d0-494c-801e-6d0b77d016b2,Colorado School of Mines,Orediggers,CSM,,,,,201ef749-4ed4-4474-88ce-91bc1119436e,0c37e018-9a60-44dd-88af-e28ce4a4184b,
f9e24477-caf3-4be2-ae6a-26dfcbb26cfc,Fort Lewis,Skyhawks,FLC,,,,,201ef749-4ed4-4474-88ce-91bc1119436e,0c37e018-9a60-44dd-88af-e28ce4a4184b,
fe3d6610-e0c4-49d2-bf20-3885dec77c94,CSU-Pueblo,ThunderWolves,CSUP,,,,,201ef749-4ed4-4474-88ce-91bc1119436e,0c37e018-9a60-44dd-88af-e28ce4a4184b,
4dfa3520-e83f-4810-b9b8-d4eebf6afd6c,Black Hills State,Yellow Jackets,BHSU,,,,,201ef749-4ed4-4474-88ce-91bc1119436e,0c37e018-9a60-44dd-88af-e28ce4a4184b,
200364e8-417b-4df6-91d5-9535c0616f1c,West Florida,Argonauts,UWFL,,,,,2d58e0bd-e249-48f5-b531-c22f5cf6e264,0c37e018-9a60-44dd-88af-e28ce4a4184b,
43fbaf17-d217-4033-8b54-208ad18ff305,Valdosta State,Blazers,VSU,,,,,2d58e0bd-e249-48f5-b531-c22f5cf6e264,0c37e018-9a60-44dd-88af-e28ce4a4184b,
297459ac-a24e-4523-a17b-0ec761d4601b,Mississippi College,Choctaws,MSC,,,,,2d58e0bd-e249-48f5-b531-c22f5cf6e264,0c37e018-9a60-44dd-88af-e28ce4a4184b,
87fcaa51-93ab-44a6-8236-23d73fb73226,North Greenville,Crusaders,NGU,,,,,2d58e0bd-e249-48f5-b531-c22f5cf6e264,0c37e018-9a60-44dd-88af-e28ce4a4184b,
af0fddc6-0c32-490c-a7a2-5be5dda97999,Shorter,Hawks,SHRT,,,,,2d58e0bd-e249-48f5-b531-c22f5cf6e264,0c37e018-9a60-44dd-88af-e28ce4a4184b,
8e40ed14-9c8b-48a3-9b1a-d40e3c4be484,Florida Tech,Panthers,FIT,,,,,2d58e0bd-e249-48f5-b531-c22f5cf6e264,0c37e018-9a60-44dd-88af-e28ce4a4184b,e223e39b-3b21-4c7a-9b37-b00c2dac9a1e
dfde9bcf-f6ed-44a8-ae71-5b37245ad7da,Delta State,Statesmen,DSU,,,,,2d58e0bd-e249-48f5-b531-c22f5cf6e264,0c37e018-9a60-44dd-88af-e28ce4a4184b,a4a5b700-d30e-11ed-9d08-398804e84296
262fb885-6414-4d94-9cd1-5b53ab1a631a,West Alabama,Tigers,UWA,,,,,2d58e0bd-e249-48f5-b531-c22f5cf6e264,0c37e018-9a60-44dd-88af-e28ce4a4184b,
61ca5389-4b73-4a82-a4e0-98265a3a72a9,Shaw,Bears,SHAW,,,,,327bb2ce-9582-4e8e-adcb-d297ed656d32,0c37e018-9a60-44dd-88af-e28ce4a4184b,
5155d0e4-f13a-4720-9d4c-1530301cf19a,Livingstone,Blue Bears,LVSC,,,,,327bb2ce-9582-4e8e-adcb-d297ed656d32,0c37e018-9a60-44dd-88af-e28ce4a4184b,
af94065a-fb86-4671-88d5-c31553eb92c1,Fayetteville State,Broncos,FVST,,,,,327bb2ce-9582-4e8e-adcb-d297ed656d32,0c37e018-9a60-44dd-88af-e28ce4a4184b,
49be60dd-4441-4c13-a714-b4e28c5e1cdc,Bowie State,Bulldogs,BWST,,,,,327bb2ce-9582-4e8e-adcb-d297ed656d32,0c37e018-9a60-44dd-88af-e28ce4a4184b,
e1e5cda1-1ba9-4e43-bf0a-178c5e790ca2,Johnson C. Smith,Golden Bulls,JCSU,,,,,327bb2ce-9582-4e8e-adcb-d297ed656d32,0c37e018-9a60-44dd-88af-e28ce4a4184b,2a99aa05-f3ef-406f-99a8-3de7340dda61
091bd8fc-f3e8-4245-834d-44bfdbb4398c,Chowan,Hawks,CHOW,,,,,327bb2ce-9582-4e8e-adcb-d297ed656d32,0c37e018-9a60-44dd-88af-e28ce4a4184b,cd765ea0-72f7-4870-ae2d-39b4371e556a
2e13191e-eb51-4d25-a3c7-7dec1fbfd3c8,Lincoln (PA),Lions,LINC,,,,,327bb2ce-9582-4e8e-adcb-d297ed656d32,0c37e018-9a60-44dd-88af-e28ce4a4184b,
826d2817-9ee1-4d72-9079-a555ccb65e15,St. Augustine's,Mighty Falcons,SAU,,,,,327bb2ce-9582-4e8e-adcb-d297ed656d32,0c37e018-9a60-44dd-88af-e28ce4a4184b,
a3b7b788-707a-48b7-96f3-96a156e8b1fe,Virginia Union,Panthers,VUU,,,,,327bb2ce-9582-4e8e-adcb-d297ed656d32,0c37e018-9a60-44dd-88af-e28ce4a4184b,
afc35bbf-6f0a-4710-9034-edb2f4d0c1c1,Winston-Salem State,Rams,WSSU,,,,,327bb2ce-9582-4e8e-adcb-d297ed656d32,0c37e018-9a60-44dd-88af-e28ce4a4184b,
206ecad6-3883-4171-901e-f0b6578f036f,Virginia State,Trojans,VSU,,,,,327bb2ce-9582-4e8e-adcb-d297ed656d32,0c37e018-9a60-44dd-88af-e28ce4a4184b,
c31df8a8-d67c-40b2-bc27-7cbf7210cae2,Elizabeth City State,Vikings,ECSU,,,,,327bb2ce-9582-4e8e-adcb-d297ed656d32,0c37e018-9a60-44dd-88af-e28ce4a4184b,
eba016ef-816a-41f0-aaea-15a143952bb3,Northwest Missouri State,Bearcats,NMSU,,,,,442a3894-7884-4de6-b564-f9c44ddb4a04,0c37e018-9a60-44dd-88af-e28ce4a4184b,
a1a53b67-106e-4e1b-8a0d-a1d9790f6fda,Lincoln (MO),Blue Tigers,LCLN,,,,,442a3894-7884-4de6-b564-f9c44ddb4a04,0c37e018-9a60-44dd-88af-e28ce4a4184b,
91d87a56-9af9-4fc8-bdcf-7c4d3c9f649b,Central Oklahoma,Bronchos,UCOK,,,,,442a3894-7884-4de6-b564-f9c44ddb4a04,0c37e018-9a60-44dd-88af-e28ce4a4184b,
fea49201-c661-4cb0-b418-20290773e884,Pittsburg State,Gorillas,PITS,,,,,442a3894-7884-4de6-b564-f9c44ddb4a04,0c37e018-9a60-44dd-88af-e28ce4a4184b,0399bdf6-028b-4982-8cf6-ebfb24b94b21
276cc093-ab3a-4298-8dfe-694dbc153525,Missouri Western,Griffons,MOWS,,,,,442a3894-7884-4de6-b564-f9c44ddb4a04,0c37e018-9a60-44dd-88af-e28ce4a4184b,
ce6b4938-8af7-425d-a420-099f55c136ce,Emporia State,Hornets,ESU,,,,,442a3894-7884-4de6-b564-f9c44ddb4a04,0c37e018-9a60-44dd-88af-e28ce4a4184b,
0dc6b614-f6f6-435c-9872-a4d3be5d834b,Washburn,Ichabods,WASH,,,,,442a3894-7884-4de6-b564-f9c44ddb4a04,0c37e018-9a60-44dd-88af-e28ce4a4184b,
12271f62-34bc-47b9-9c9e-f35d9a1de4e6,Missouri Southern State,Lions,MSSU,,,,,442a3894-7884-4de6-b564-f9c44ddb4a04,0c37e018-9a60-44dd-88af-e28ce4a4184b,
73ab49c8-e08e-436e-bc12-092c34294d4d,Nebraska-Kearney,Lopers,UNEK,,,,,442a3894-7884-4de6-b564-f9c44ddb4a04,0c37e018-9a60-44dd-88af-e28ce4a4184b,
1cfcf55b-8038-46ad-9a6a-177090ea9b75,Central Missouri,Mules,UCM,,,,,442a3894-7884-4de6-b564-f9c44ddb4a04,0c37e018-9a60-44dd-88af-e28ce4a4184b,
72566033-9632-432f-b63a-3942e54bd7c5,Northeastern State,RiverHawks,NESU,,,,,442a3894-7884-4de6-b564-f9c44ddb4a04,0c37e018-9a60-44dd-88af-e28ce4a4184b,
24c7f92b-6d94-4e3f-b9ed-c1003ee7e85f,Fort Hays State,Tigers,FHSU,,,,,442a3894-7884-4de6-b564-f9c44ddb4a04,0c37e018-9a60-44dd-88af-e28ce4a4184b,
4736be13-a5c5-4477-991d-d3f57a306bdf,Simon Fraser,Clan,SFRA,,,,,5ea721b5-367a-499e-9a53-ef761087b8d7,0c37e018-9a60-44dd-88af-e28ce4a4184b,
ca14dc14-dfcf-4326-a7be-898a5bcd595b,Azusa Pacific,Cougars,AZPU,,,,,5ea721b5-367a-499e-9a53-ef761087b8d7,0c37e018-9a60-44dd-88af-e28ce4a4184b,
44164db9-62ff-4e9a-a7d0-1ba7cb719ea9,Central Washington,Wildcats,CWU,,,,,5ea721b5-367a-499e-9a53-ef761087b8d7,0c37e018-9a60-44dd-88af-e28ce4a4184b,
dd35a796-5290-4866-a4d2-4abc6849ba6d,Western Oregon,Wolves,WOU,,,,,5ea721b5-367a-499e-9a53-ef761087b8d7,0c37e018-9a60-44dd-88af-e28ce4a4184b,
0615f585-7564-4334-a0d0-ad00413ab7ae,Ferris State,Bulldogs,FERST,,,,,65e9fcaf-9ab3-484c-a238-150424c38159,0c37e018-9a60-44dd-88af-e28ce4a4184b,
f4c3d977-2524-496c-be24-e7710916c92d,Saginaw Valley State,Cardinals,SVSU,,,,,65e9fcaf-9ab3-484c-a238-150424c38159,0c37e018-9a60-44dd-88af-e28ce4a4184b,
a610942f-820c-4fc7-9a32-79df473a3e6b,Michigan Tech,Huskies,MTU,,,,,65e9fcaf-9ab3-484c-a238-150424c38159,0c37e018-9a60-44dd-88af-e28ce4a4184b,bf0ee7a0-09ad-11ec-a067-9b4fd550fd6a
5894d650-0c9e-11ef-8c2a-6d54ed8a6bb6,Roosevelt,Lakers,ROOS,,,,,65e9fcaf-9ab3-484c-a238-150424c38159,0c37e018-9a60-44dd-88af-e28ce4a4184b,
8454ad82-5c77-4dfc-a034-8e257bc1c5f5,Grand Valley State,Lakers,GVSU,,,,,65e9fcaf-9ab3-484c-a238-150424c38159,0c37e018-9a60-44dd-88af-e28ce4a4184b,
718baf86-e572-48ea-995e-776da3858fe8,Davenport,Panthers,DPORT,,,,,65e9fcaf-9ab3-484c-a238-150424c38159,0c37e018-9a60-44dd-88af-e28ce4a4184b,
1238697f-d458-423c-856d-86dbfbfb42ff,Northwood,Timberwolves,NWOOD,,,,,65e9fcaf-9ab3-484c-a238-150424c38159,0c37e018-9a60-44dd-88af-e28ce4a4184b,
7d4be479-e23d-451e-9533-b01fa875a782,Wayne State (MI),Warriors,WSMI,,,,,65e9fcaf-9ab3-484c-a238-150424c38159,0c37e018-9a60-44dd-88af-e28ce4a4184b,
3f2d922f-40aa-437e-8610-72f48d63d3d8,Northern Michigan,Wildcats,NMU,,,,,65e9fcaf-9ab3-484c-a238-150424c38159,0c37e018-9a60-44dd-88af-e28ce4a4184b,de93bb10-149d-11f0-b76e-97757d5c3462
91dcaf5b-8abf-46cc-a447-fc812f69ccb9,Alderson-Broaddus,Battlers,ABU,,,,,663b118f-d664-4fd2-adea-7dbd1f997e12,0c37e018-9a60-44dd-88af-e28ce4a4184b,
78d9748b-6b4f-421b-853f-94073d8c2e02,Urbana,Blue Knights,URB,,,,,663b118f-d664-4fd2-adea-7dbd1f997e12,0c37e018-9a60-44dd-88af-e28ce4a4184b,
1d51ddc4-d2db-4564-97ad-5c9f964d8ea3,West Virginia Wesleyan,Bobcats,WVWC,,,,,663b118f-d664-4fd2-adea-7dbd1f997e12,0c37e018-9a60-44dd-88af-e28ce4a4184b,
bd1150c0-af37-428a-b0bb-bd76407cf631,Frostburg State,Bobcats,FSU,,,,,663b118f-d664-4fd2-adea-7dbd1f997e12,0c37e018-9a60-44dd-88af-e28ce4a4184b,
7106ebd0-dbf7-4202-a06d-915e8073e317,Wheeling,Cardinals,WJU,,,,,663b118f-d664-4fd2-adea-7dbd1f997e12,0c37e018-9a60-44dd-88af-e28ce4a4184b,a5e32140-fe62-11ee-89ca-87e0294884b2
ea3082ec-f885-4a98-82e6-1893401e79fe,Notre Dame College,Falcons,NDC,,,,,663b118f-d664-4fd2-adea-7dbd1f997e12,0c37e018-9a60-44dd-88af-e28ce4a4184b,
2731fb80-0018-48db-98cf-654bed5cdd46,Fairmont State,Fighting Falcons,FMSU,,,,,663b118f-d664-4fd2-adea-7dbd1f997e12,0c37e018-9a60-44dd-88af-e28ce4a4184b,
6d775a8d-4511-4b1a-9bac-164e363db32e,Charleston (WV),Golden Eagles,UCWV,,,,,663b118f-d664-4fd2-adea-7dbd1f997e12,0c37e018-9a60-44dd-88af-e28ce4a4184b,
8ddf8cd0-faec-43e4-b194-2ebc0eb6dfa0,West Liberty State,Hilltoppers,WLU,,,,,663b118f-d664-4fd2-adea-7dbd1f997e12,0c37e018-9a60-44dd-88af-e28ce4a4184b,
a615af19-5cf1-4377-80e5-70f77446094c,Concord,Mountain Lions,CUWV,,,,,663b118f-d664-4fd2-adea-7dbd1f997e12,0c37e018-9a60-44dd-88af-e28ce4a4184b,
053ad147-4bfd-406a-897e-04209cb444e8,Glenville State College,Pioneers,GSC,,,,,663b118f-d664-4fd2-adea-7dbd1f997e12,0c37e018-9a60-44dd-88af-e28ce4a4184b,
14dd087b-eee6-4e89-a923-d9c0968c2309,West Virginia State,Yellow Jackets,WVSU,,,,,663b118f-d664-4fd2-adea-7dbd1f997e12,0c37e018-9a60-44dd-88af-e28ce4a4184b,
38756550-52d5-4713-ad46-014e8a3551da,Walsh,Cavaliers,WALSH,,,,,74997452-1234-43f9-8903-a1da76d6d591,0c37e018-9a60-44dd-88af-e28ce4a4184b,
8eef39af-bedf-48bd-8446-368e57bfb7b9,Hillsdale,Chargers,HILL,,,,,74997452-1234-43f9-8903-a1da76d6d591,0c37e018-9a60-44dd-88af-e28ce4a4184b,
d20f9ddf-39c6-4c9a-8871-6a2c7d85adf6,Tiffin,Dragons,TIFF,,,,,74997452-1234-43f9-8903-a1da76d6d591,0c37e018-9a60-44dd-88af-e28ce4a4184b,
8d651eb7-14f8-4bae-a490-276cef79111b,Ashland,Eagles,ASHL,,,,,74997452-1234-43f9-8903-a1da76d6d591,0c37e018-9a60-44dd-88af-e28ce4a4184b,
e2debfba-6ab5-41e0-9bf8-ec652a3fbf7b,Findlay,Oilers,FIND,,,,,74997452-1234-43f9-8903-a1da76d6d591,0c37e018-9a60-44dd-88af-e28ce4a4184b,
4f250a86-ca47-4a64-aa9d-a08580411e64,Kentucky Wesleyan,Panthers,KY-W,,,,,74997452-1234-43f9-8903-a1da76d6d591,0c37e018-9a60-44dd-88af-e28ce4a4184b,
e11948d2-4374-4e02-9453-2cbdf608a60a,Ohio Dominican,Panthers,OHDU,,,,,74997452-1234-43f9-8903-a1da76d6d591,0c37e018-9a60-44dd-88af-e28ce4a4184b,
97d4ea8b-cd88-4689-b0b0-e59214166522,Lake Erie,Storm,LEC,,,,,74997452-1234-43f9-8903-a1da76d6d591,0c37e018-9a60-44dd-88af-e28ce4a4184b,
11858510-3663-4a1c-ae7f-0eb91c4c5066,Bentley,Falcons,BENT,,,,,74cb3095-362a-4c90-8c61-24b979a0df6c,0c37e018-9a60-44dd-88af-e28ce4a4184b,
86ea7237-2634-4ce2-bbc4-6538776b930e,Assumption,Greyhounds,ASMP,,,,,74cb3095-362a-4c90-8c61-24b979a0df6c,0c37e018-9a60-44dd-88af-e28ce4a4184b,
a5348624-82b2-41e6-b748-492821883610,Saint Anselm,Hawks,STA,,,,,74cb3095-362a-4c90-8c61-24b979a0df6c,0c37e018-9a60-44dd-88af-e28ce4a4184b,
6eef6abb-cb49-4f47-8441-775461d12d4d,Southern Connecticut State,Owls,SCSU,,,,,74cb3095-362a-4c90-8c61-24b979a0df6c,0c37e018-9a60-44dd-88af-e28ce4a4184b,
851e306c-edee-414a-949d-c6a69f435a03,Franklin Pierce,Ravens,FPU,,,,,74cb3095-362a-4c90-8c61-24b979a0df6c,0c37e018-9a60-44dd-88af-e28ce4a4184b,
5adcf237-519d-485c-aea6-81af204cb99b,Pace,Setters,PACE,,,,,74cb3095-362a-4c90-8c61-24b979a0df6c,0c37e018-9a60-44dd-88af-e28ce4a4184b,
dbeac1b1-17ab-475e-a485-c66573a55954,American International,Yellow Jackets,AIC,,,,,74cb3095-362a-4c90-8c61-24b979a0df6c,0c37e018-9a60-44dd-88af-e28ce4a4184b,
ba0c6a1b-ff0c-4b8e-acab-08465b68b00b,West Texas A&M,Buffaloes,WTAMU,,,,,9c49443e-fa63-446e-8b87-9e5d369c8392,0c37e018-9a60-44dd-88af-e28ce4a4184b,
7c3b8861-5e43-4d9d-b928-3cfd61e910ad,Texas Permian Basin,Falcons,UTPB,,,,,9c49443e-fa63-446e-8b87-9e5d369c8392,0c37e018-9a60-44dd-88af-e28ce4a4184b,
d37b8146-a1f6-4f57-8569-884073b3d071,Eastern New Mexico,Greyhounds,ENMU,,,,,9c49443e-fa63-446e-8b87-9e5d369c8392,0c37e018-9a60-44dd-88af-e28ce4a4184b,
e97cce3c-9114-4d11-8a72-51466cb417c8,Texas A&M-Kingsville,Javelinas,TAMK,,,,,9c49443e-fa63-446e-8b87-9e5d369c8392,0c37e018-9a60-44dd-88af-e28ce4a4184b,
95d70b20-14c0-11f0-93ea-170fec45e650,Sul Ross State,Lobos,SRSU,,,,,9c49443e-fa63-446e-8b87-9e5d369c8392,0c37e018-9a60-44dd-88af-e28ce4a4184b,
79a845fe-3a55-4db9-97ea-aa921e963087,Western New Mexico,Mustangs,WNMU,,,,,9c49443e-fa63-446e-8b87-9e5d369c8392,0c37e018-9a60-44dd-88af-e28ce4a4184b,
f257221b-d99d-4b0f-b0e3-6a5bc3f9e165,Midwestern State,Mustangs,MWSU,,,,,9c49443e-fa63-446e-8b87-9e5d369c8392,0c37e018-9a60-44dd-88af-e28ce4a4184b,
ca9c4181-7c06-4e8f-b752-27ee5327295e,Angelo State,Rams,ANGS,,,,,9c49443e-fa63-446e-8b87-9e5d369c8392,0c37e018-9a60-44dd-88af-e28ce4a4184b,
fc96c960-dd08-11ec-ad0e-ef7bd5e8ba49,Post University,Eagles,POST,,,,,9d902831-dd08-11ec-a337-29caafc3cd3a,0c37e018-9a60-44dd-88af-e28ce4a4184b,
bdd8a4ad-a454-434b-9a01-99c897743a44,Minot State,Beavers,MINOT,,,,,a3dc8d14-691d-4919-8b16-28c3f121901d,0c37e018-9a60-44dd-88af-e28ce4a4184b,
dbc779da-a1bc-4743-bb7a-0922cfa333be,Bemidji State,Beavers,BSU,,,,,a3dc8d14-691d-4919-8b16-28c3f121901d,0c37e018-9a60-44dd-88af-e28ce4a4184b,
2a6b725c-1f92-4fbe-b2f1-991045bfe4cc,Minnesota Duluth,Bulldogs,UMD,,,,,a3dc8d14-691d-4919-8b16-28c3f121901d,0c37e018-9a60-44dd-88af-e28ce4a4184b,
ead657b1-f990-4b89-9402-761235cf3a20,Sioux Falls,Cougars,USXF,,,,,a3dc8d14-691d-4919-8b16-28c3f121901d,0c37e018-9a60-44dd-88af-e28ce4a4184b,
a9d1dba3-d83d-49ec-94cc-ddbf57c5a649,Minnesota State Moorhead,Dragons,MSUM,,,,,a3dc8d14-691d-4919-8b16-28c3f121901d,0c37e018-9a60-44dd-88af-e28ce4a4184b,
dfe2c339-976b-4bb6-b940-5b0eba3b21b5,Concordia-St. Paul,Golden Bears,CUSP,,,,,a3dc8d14-691d-4919-8b16-28c3f121901d,0c37e018-9a60-44dd-88af-e28ce4a4184b,
3bf5f228-9e03-4050-bb38-b2347d1bf4f4,Mary,Marauders,MARY,,,,,a3dc8d14-691d-4919-8b16-28c3f121901d,0c37e018-9a60-44dd-88af-e28ce4a4184b,
02dc393b-f376-47c0-962f-8994a5d0b968,Minnesota State,Mavericks,MNSU,,,,,a3dc8d14-691d-4919-8b16-28c3f121901d,0c37e018-9a60-44dd-88af-e28ce4a4184b,
ec58cf3f-c432-40f7-b6c2-51c712ca883b,Southwest Minnesota State,Mustangs,SWMN,,,,,a3dc8d14-691d-4919-8b16-28c3f121901d,0c37e018-9a60-44dd-88af-e28ce4a4184b,
0707e866-8121-4f10-b181-af607901ead2,Upper Iowa,Peacocks,UIU,,,,,a3dc8d14-691d-4919-8b16-28c3f121901d,0c37e018-9a60-44dd-88af-e28ce4a4184b,
e95bb7e5-4d32-4506-9aaf-7b7a3b47bb73,Augustana,Vikings,AUGU,,,,,a3dc8d14-691d-4919-8b16-28c3f121901d,0c37e018-9a60-44dd-88af-e28ce4a4184b,
f2ef8b8b-3e50-49a4-8aa1-1c4fa95b1e11,Winona State,Warriors,WSU,,,,,a3dc8d14-691d-4919-8b16-28c3f121901d,0c37e018-9a60-44dd-88af-e28ce4a4184b,
6ed1a628-7559-4e9f-98f5-1709d6a111fa,Wayne State (NE),Wildcats,WYNST,,,,,a3dc8d14-691d-4919-8b16-28c3f121901d,0c37e018-9a60-44dd-88af-e28ce4a4184b,
5c6f90b9-651c-4f9d-b118-9bee6b77ca80,Northern State,Wolves,NSU,,,,,a3dc8d14-691d-4919-8b16-28c3f121901d,0c37e018-9a60-44dd-88af-e28ce4a4184b,
c433c333-2eb6-4592-8516-e325b736dfee,Lock Haven,Bald Eagles,LHU,,,,,b42fbccc-5182-40bf-8d99-213a80dcf327,0c37e018-9a60-44dd-88af-e28ce4a4184b,
ed00911e-77b3-456f-a690-2168e35f9531,Indiana (PA),Crimson Hawks,IUP,,,,,b42fbccc-5182-40bf-8d99-213a80dcf327,0c37e018-9a60-44dd-88af-e28ce4a4184b,
125d1620-8b51-4d2e-9cc5-17370add86a2,Edinboro,Fighting Scots,EUP,,,,,b42fbccc-5182-40bf-8d99-213a80dcf327,0c37e018-9a60-44dd-88af-e28ce4a4184b,
eb76bf18-c5ae-4075-ac07-589b8b0a8432,Kutztown,Golden Bears,KUP,,,,,b42fbccc-5182-40bf-8d99-213a80dcf327,0c37e018-9a60-44dd-88af-e28ce4a4184b,
8f94c0ae-65d7-4d7c-95ef-d799e6123f24,Clarion,Golden Eagles,CUP,,,,,b42fbccc-5182-40bf-8d99-213a80dcf327,0c37e018-9a60-44dd-88af-e28ce4a4184b,
224af2d3-3f5d-4a5c-9794-31c393ee77d3,Gannon,Golden Knights,GU,,,,,b42fbccc-5182-40bf-8d99-213a80dcf327,0c37e018-9a60-44dd-88af-e28ce4a4184b,
cf0465d2-4f02-49ce-b69c-cefb4608c1c6,West Chester,Golden Rams,WCU,,,,,b42fbccc-5182-40bf-8d99-213a80dcf327,0c37e018-9a60-44dd-88af-e28ce4a4184b,
71bda4ee-51cd-448e-a720-bb88f932a4b9,Seton Hill,Griffins,SHU,,,,,b42fbccc-5182-40bf-8d99-213a80dcf327,0c37e018-9a60-44dd-88af-e28ce4a4184b,
26878834-0b83-4589-b98f-815362ecd48e,Bloomsburg,Huskies,BUP,,,,,b42fbccc-5182-40bf-8d99-213a80dcf327,0c37e018-9a60-44dd-88af-e28ce4a4184b,9a14b030-0f54-11ed-b108-b7277d2e3dfe
2732b3cd-06b1-4644-a813-23d253d60e9c,Millersville,Marauders,MILL,,,,,b42fbccc-5182-40bf-8d99-213a80dcf327,0c37e018-9a60-44dd-88af-e28ce4a4184b,
411a9916-0398-4b58-9210-fd81e5e6fe32,Shippensburg University,Raiders,SU,,,,,b42fbccc-5182-40bf-8d99-213a80dcf327,0c37e018-9a60-44dd-88af-e28ce4a4184b,
716894ad-f6db-4f00-9282-1a10a18665d5,Shepherd,Rams,SHEP,,,,,b42fbccc-5182-40bf-8d99-213a80dcf327,0c37e018-9a60-44dd-88af-e28ce4a4184b,
bb4d3df3-9a14-4bc9-9e50-55ccf13623a9,Slippery Rock,The Rock,SRU,,,,,b42fbccc-5182-40bf-8d99-213a80dcf327,0c37e018-9a60-44dd-88af-e28ce4a4184b,
dabbef22-d1d8-4974-9174-487ab0632026,PennWest California,Vulcans,CLFV,,,,,b42fbccc-5182-40bf-8d99-213a80dcf327,0c37e018-9a60-44dd-88af-e28ce4a4184b,
6750e040-3194-4373-991f-dcd24a3e6734,East Stroudsburg,Warriors,ESU,,,,,b42fbccc-5182-40bf-8d99-213a80dcf327,0c37e018-9a60-44dd-88af-e28ce4a4184b,
3c2c21d3-4a85-4460-bed7-2b49590e66a9,McKendree,Bearcats,MCKN,,,,,cd553725-acbe-496a-bae9-ed8ab6456a50,0c37e018-9a60-44dd-88af-e28ce4a4184b,
fa355cca-bfb2-4282-9656-3e1869d26eef,Southwest Baptist,Bearcats,SWBU,,,,,cd553725-acbe-496a-bae9-ed8ab6456a50,0c37e018-9a60-44dd-88af-e28ce4a4184b,
54203e84-4fcb-4a0e-9934-a7ad58326b5d,Truman State,Bulldogs,TSU,,,,,cd553725-acbe-496a-bae9-ed8ab6456a50,0c37e018-9a60-44dd-88af-e28ce4a4184b,a2681054-3f7c-4faa-a00e-6b32a52fa35a
29a01b87-f6c2-487b-a0ad-4d6d2d72f16f,William Jewell,Cardinals,WJC,,,,,cd553725-acbe-496a-bae9-ed8ab6456a50,0c37e018-9a60-44dd-88af-e28ce4a4184b,c47c1828-89ab-455b-8bb3-5692ddefcf3d
50f19320-e5d1-453b-8565-469703ef1697,Indianapolis,Greyhounds,INDI,,,,,cd553725-acbe-496a-bae9-ed8ab6456a50,0c37e018-9a60-44dd-88af-e28ce4a4184b,
6d5ccf66-48ec-4bb7-98c3-99f50207a221,Quincy,Hawks,QU,,,,,cd553725-acbe-496a-bae9-ed8ab6456a50,0c37e018-9a60-44dd-88af-e28ce4a4184b,
8d392cef-6e01-4cb7-ac37-b2a1878adea5,Missouri S&T,Miners,MZST,,,,,cd553725-acbe-496a-bae9-ed8ab6456a50,0c37e018-9a60-44dd-88af-e28ce4a4184b,
7d99220b-0148-457e-a802-5b395f54462d,Lane,Dragons,LC,,,,,cf3cc2c8-47ef-418d-8a25-94ab97588c37,0c37e018-9a60-44dd-88af-e28ce4a4184b,
96c9ed4c-75c8-4141-9a46-e38855b13087,Miles,Golden Bears,MILES,,,,,cf3cc2c8-47ef-418d-8a25-94ab97588c37,0c37e018-9a60-44dd-88af-e28ce4a4184b,
dc99beff-fa60-40a8-8b8a-316f7cea3e93,Albany State,Golden Rams,ALSU,,,,,cf3cc2c8-47ef-418d-8a25-94ab97588c37,0c37e018-9a60-44dd-88af-e28ce4a4184b,
776b1d36-eb57-437c-8827-1344b03c7593,Tuskegee,Golden Tigers,TUSK,,,,,cf3cc2c8-47ef-418d-8a25-94ab97588c37,0c37e018-9a60-44dd-88af-e28ce4a4184b,58fc6e32-d3b7-411b-b6c4-507e9cf924a2
ece6b3f2-ffaf-4700-9b59-206f9791311e,Central State (OH),Marauders,CSU,,,,,cf3cc2c8-47ef-418d-8a25-94ab97588c37,0c37e018-9a60-44dd-88af-e28ce4a4184b,
3797e777-4e75-413f-9866-f9f9ded35a8f,Morehouse,Maroon Tigers,MC,,,,,cf3cc2c8-47ef-418d-8a25-94ab97588c37,0c37e018-9a60-44dd-88af-e28ce4a4184b,
73b194d5-d0e3-49ac-a4a5-cce70ab62e5e,Clark Atlanta,Panthers,CAU,,,,,cf3cc2c8-47ef-418d-8a25-94ab97588c37,0c37e018-9a60-44dd-88af-e28ce4a4184b,
67f319bb-fdae-4d0c-81ca-544c08c86f94,Kentucky State,Thorobreds,KSU,,,,,cf3cc2c8-47ef-418d-8a25-94ab97588c37,0c37e018-9a60-44dd-88af-e28ce4a4184b,
4b3b68f4-aa9a-4029-9a43-ebd174f43a0e,Savannah State,Tigers,SAV,,,,,cf3cc2c8-47ef-418d-8a25-94ab97588c37,0c37e018-9a60-44dd-88af-e28ce4a4184b,0dddd43e-c9ea-47c4-80a4-10dba3e3a63d
fee68c38-6b2c-452a-968b-5dd2d363b18d,Benedict,Tigers,BC,,,,,cf3cc2c8-47ef-418d-8a25-94ab97588c37,0c37e018-9a60-44dd-88af-e28ce4a4184b,
0a45c61e-24f5-4e76-a28c-0d2af432bf18,Fort Valley State,Wildcats,FVSU,,,,,cf3cc2c8-47ef-418d-8a25-94ab97588c37,0c37e018-9a60-44dd-88af-e28ce4a4184b,
afd132f0-14be-11f0-9f36-d9ba58a137df,Allen,Yellow Jackets,ALLN,,,,,cf3cc2c8-47ef-418d-8a25-94ab97588c37,0c37e018-9a60-44dd-88af-e28ce4a4184b,
865683f5-648b-44e6-a35b-9dc15e25d2b9,Oklahoma Baptist,Bison,OKBU,,,,,eecdc945-d69b-489a-99e4-a2d2bb16bb24,0c37e018-9a60-44dd-88af-e28ce4a4184b,
60bf074e-d9de-4b4c-826d-dda5cbdd33df,Harding,Bisons,HARD,,,,,eecdc945-d69b-489a-99e4-a2d2bb16bb24,0c37e018-9a60-44dd-88af-e28ce4a4184b,
cdcf2530-0b9e-4f02-93af-60bf33d0adf1,Arkansas-Monticello,Boll Weevils,ARKM,,,,,eecdc945-d69b-489a-99e4-a2d2bb16bb24,0c37e018-9a60-44dd-88af-e28ce4a4184b,
42fbc094-1663-4481-a4d2-3ae43ce58c05,Southwestern Oklahoma State,Bulldogs,SWOSU,,,,,eecdc945-d69b-489a-99e4-a2d2bb16bb24,0c37e018-9a60-44dd-88af-e28ce4a4184b,
c41c02cb-b5ae-45d1-b88d-06d7c68feb78,Southern Nazarene,Crimson Storm,SNAZ,,,,,eecdc945-d69b-489a-99e4-a2d2bb16bb24,0c37e018-9a60-44dd-88af-e28ce4a4184b,
1f2b538a-b87c-48e1-86e2-2396fdfc5bfc,Southern Arkansas,Muleriders,SARK,,,,,eecdc945-d69b-489a-99e4-a2d2bb16bb24,0c37e018-9a60-44dd-88af-e28ce4a4184b,
dd048090-4399-420b-97bd-c0774ac89fc7,Northwestern Oklahoma State,Rangers,NOSU,,,,,eecdc945-d69b-489a-99e4-a2d2bb16bb24,0c37e018-9a60-44dd-88af-e28ce4a4184b,
0a15a1ce-e029-4a73-9cec-dabfebc6d549,Henderson State,Reddies,HSU,,,,,eecdc945-d69b-489a-99e4-a2d2bb16bb24,0c37e018-9a60-44dd-88af-e28ce4a4184b,
bd0fbdec-b0a9-4fbb-860f-6ee0ddded24f,Southeastern Oklahoma State,Savage Storm,SOSU,,,,,eecdc945-d69b-489a-99e4-a2d2bb16bb24,0c37e018-9a60-44dd-88af-e28ce4a4184b,
187d4a95-91e1-4db4-a8dd-8a412bab73e4,East Central,Tigers,ECNT,,,,,eecdc945-d69b-489a-99e4-a2d2bb16bb24,0c37e018-9a60-44dd-88af-e28ce4a4184b,
99b5c888-6981-4f76-9920-1f144ecd219d,Ouachita Baptist,Tigers,OBU,,,,,eecdc945-d69b-489a-99e4-a2d2bb16bb24,0c37e018-9a60-44dd-88af-e28ce4a4184b,
bf1b2f36-51cc-4d0e-b033-4c99e29dd6f1,Arkansas Tech,Wonder Boys,ARKT,,,,,eecdc945-d69b-489a-99e4-a2d2bb16bb24,0c37e018-9a60-44dd-88af-e28ce4a4184b,
aedf6f4b-e7d6-4c63-a6dd-6ab562d98a01,UNC Pembroke,Braves,UNCP,,,,,f0db0541-14bf-11f0-9228-c53d5810e49b,0c37e018-9a60-44dd-88af-e28ce4a4184b,
f8aa1b62-9622-4a2b-a202-e16d4fb9b90b,Barton,Bulldogs,BART,,,,,f0db0541-14bf-11f0-9228-c53d5810e49b,0c37e018-9a60-44dd-88af-e28ce4a4184b,
4c292bfb-5e41-4821-9429-f33c74606fd0,Erskine,Flying Fleet,ERSK,,,,,f0db0541-14bf-11f0-9228-c53d5810e49b,0c37e018-9a60-44dd-88af-e28ce4a4184b,9ffa332b-3435-4d20-9cd1-adf6386e986b
3eaae970-14c0-11f0-93ea-170fec45e650,Ferrum,Panthers,FC,,,,,f0db0541-14bf-11f0-9228-c53d5810e49b,0c37e018-9a60-44dd-88af-e28ce4a4184b,
deb0920f-c4ca-414d-be4b-ca779e353bf0,Duke,Blue Devils,DUKE,1838.0,Blue Devil,"Fight! Blue Devils, Fight!, Blue and White",0.0,2170ce1b-7bce-4645-a5d9-1c11f6454c94,43d3cede-6b8f-4158-bc7f-c3c7365e5b32,967304ce-d143-4fdb-b099-40218978a89a
7cea6bcb-8ecd-4c92-9b13-31345051ab82,Stanford,Cardinal,STAN,1891.0,,Come Join The Band,2.0,2170ce1b-7bce-4645-a5d9-1c11f6454c94,43d3cede-6b8f-4158-bc7f-c3c7365e5b32,a338a835-dd2b-4723-a886-d761bbaf491d
1e8edb90-ea5e-4663-9a65-a30e51583711,Louisville,Cardinals,LOU,1798.0,Louie the Cardinal Bird,Fight! UofL,0.0,2170ce1b-7bce-4645-a5d9-1c11f6454c94,43d3cede-6b8f-4158-bc7f-c3c7365e5b32,e0947a41-9e85-488e-bcb3-6682dd56283e
858b3a2b-f9c3-4497-a707-733cc1ea7516,Virginia,Cavaliers,UVA,1819.0,CavMan,The Cavalier Song,0.0,2170ce1b-7bce-4645-a5d9-1c11f6454c94,43d3cede-6b8f-4158-bc7f-c3c7365e5b32,acee161b-e21f-42fe-a2d7-68faeb124b17
3ed1a496-46af-4c0e-be37-c76ee352d702,Wake Forest,Demon Deacons,WAKE,1834.0,Demon Deacon,O' Here's to Wake Forest,0.0,2170ce1b-7bce-4645-a5d9-1c11f6454c94,43d3cede-6b8f-4158-bc7f-c3c7365e5b32,7b816db3-a203-4b08-a060-d80e190067c9
20827bfd-4930-4921-8273-1802423e2be7,Boston College,Eagles,BC,1863.0,Baldwin the Eagle,For Boston,1.0,2170ce1b-7bce-4645-a5d9-1c11f6454c94,43d3cede-6b8f-4158-bc7f-c3c7365e5b32,3835030a-1535-431c-b64c-8da813255c06
eed7f0d6-72e6-4488-8baa-5ee8e3375ba9,California,Golden Bears,CAL,1868.0,Oski,Fight for California,5.0,2170ce1b-7bce-4645-a5d9-1c11f6454c94,43d3cede-6b8f-4158-bc7f-c3c7365e5b32,d99f6e35-5322-474f-a256-9ef5f7f077c8
5a9498fc-bae2-49d2-af1d-e13d07f4e68f,Virginia Tech,Hokies,VT,1872.0,"Hokie Bird, Gobbler",Tech Triumph,0.0,2170ce1b-7bce-4645-a5d9-1c11f6454c94,43d3cede-6b8f-4158-bc7f-c3c7365e5b32,a4376572-76ac-40a6-9e2b-e94b7a02c208
2f475a40-df87-43a7-b8a9-c36a43edff21,Miami (FL),Hurricanes,MIA,1925.0,Sebastian the Ibis,Miami U How-Dee-Do,5.0,2170ce1b-7bce-4645-a5d9-1c11f6454c94,43d3cede-6b8f-4158-bc7f-c3c7365e5b32,280bf6ac-33d9-4e2c-a4bd-af2612f61d00
619c5384-3660-44ac-b2ad-597ccb3854c7,SMU,Mustangs,SMU,1911.0,Peruna,"Peruna, Pony Battle Cry",3.0,2170ce1b-7bce-4645-a5d9-1c11f6454c94,43d3cede-6b8f-4158-bc7f-c3c7365e5b32,455833bf-98e1-4d21-806a-449b44d787e4
6fad29be-d988-4014-9640-ad26a14d3bd1,Syracuse,Orange,SYR,1870.0,Otto the Orange,Down the Field,1.0,2170ce1b-7bce-4645-a5d9-1c11f6454c94,43d3cede-6b8f-4158-bc7f-c3c7365e5b32,1f635882-4899-4f56-918f-9b5eec26495e
a5ef8db1-5d26-4d7e-af22-b21e380c16d2,Pittsburgh,Panthers,PITT,1787.0,Roc the Panther,"Hail to Pitt, Pitt Victory Song",5.0,2170ce1b-7bce-4645-a5d9-1c11f6454c94,43d3cede-6b8f-4158-bc7f-c3c7365e5b32,2842c710-3f8f-49bb-a5a1-3c4fc50ce3be
1c792ab1-d640-48f2-b796-6a81c7b14eaf,Florida State,Seminoles,FSU,1851.0,"Osceola, Renegade",FSU Fight Song,3.0,2170ce1b-7bce-4645-a5d9-1c11f6454c94,43d3cede-6b8f-4158-bc7f-c3c7365e5b32,835c36ed-b506-438b-9452-b42099f38d99
79368b86-8bb0-4c66-8189-b836d039c207,North Carolina,Tar Heels,UNC,1789.0,Rameses,I'm a Tar Heel Born,0.0,2170ce1b-7bce-4645-a5d9-1c11f6454c94,43d3cede-6b8f-4158-bc7f-c3c7365e5b32,50369a4d-be44-4097-8dfc-adb224c76561
95404613-f4f0-4280-ac27-85419215f8d1,Clemson,Tigers,CLEM,1889.0,The Tiger,Tiger Rag,3.0,2170ce1b-7bce-4645-a5d9-1c11f6454c94,43d3cede-6b8f-4158-bc7f-c3c7365e5b32,708fbe66-4804-4c37-bf78-66d43994208f
034ac81a-311c-49f4-8c45-ddcef7777bdc,North Carolina State,Wolfpack,NCST,1887.0,"Mr. Wuf, Ms. Wuf",NC State Fight Song,0.0,2170ce1b-7bce-4645-a5d9-1c11f6454c94,43d3cede-6b8f-4158-bc7f-c3c7365e5b32,ef2311d7-f34c-4ceb-a992-a9d44dfbe52d
5ff038e1-6e3b-4cbe-90b8-751f783cd7a9,Georgia Tech,Yellow Jackets,GT,1885.0,"Buzz, The Ramblin' Wreck",Up With the White and Gold,4.0,2170ce1b-7bce-4645-a5d9-1c11f6454c94,43d3cede-6b8f-4158-bc7f-c3c7365e5b32,94b4f22d-360d-4c7c-8304-40195f543ebe
f6f4a672-6368-45aa-98d0-3756da844114,New Mexico State,Aggies,NMSU,1888.0,Pistol Pete,NMSU Fight Song,0.0,359cd6eb-de34-4ae2-90a2-6e80e4d4ff62,43d3cede-6b8f-4158-bc7f-c3c7365e5b32,170baa73-abb9-4247-8aea-190c51233841
844c8d83-ee90-46a1-a943-2b5db4c5cb21,Sam Houston,Bearkats,SHSU,1879.0,Sammy Bearkat,Bearkat Fight Song,1.0,359cd6eb-de34-4ae2-90a2-6e80e4d4ff62,43d3cede-6b8f-4158-bc7f-c3c7365e5b32,bd84c6aa-cafb-4ecf-b21f-44253c99c854
da45fbb4-54a4-4b21-8682-c26c5d85061c,Missouri State,Bears,MOSU,1905.0,Boomer,The Scotsman,0.0,359cd6eb-de34-4ae2-90a2-6e80e4d4ff62,43d3cede-6b8f-4158-bc7f-c3c7365e5b32,8c49cd60-ca19-423f-9278-090a5666c1b5
99562f49-a84d-4f6f-9ad4-949773430431,Middle Tennessee,Blue Raiders,MTU,1911.0,Lightning,MTSU Fight Song,0.0,359cd6eb-de34-4ae2-90a2-6e80e4d4ff62,43d3cede-6b8f-4158-bc7f-c3c7365e5b32,b07ff7f8-8aad-4249-970b-6a65032e6f04
5bf6e8b8-2a02-4906-8253-08f967dd3c2c,Louisiana Tech,Bulldogs,LT,1894.0,"Tech, Champ",Tech Fight,0.0,359cd6eb-de34-4ae2-90a2-6e80e4d4ff62,43d3cede-6b8f-4158-bc7f-c3c7365e5b32,072a9696-590e-45e0-99df-6dc6a2152d82
a9ea6143-d1c9-414d-81ff-7c57a10baf1f,Delaware,Fightin' Blue Hens,DEL,1743.0,YoUDee,The Delaware Fight Song,1.0,359cd6eb-de34-4ae2-90a2-6e80e4d4ff62,43d3cede-6b8f-4158-bc7f-c3c7365e5b32,5448c423-d141-4762-af88-7e4c2e1ef13b
4318b2b7-0b61-4509-b776-001b08c09dcc,Liberty,Flames,LIB,1971.0,Sparky,Fan the Flames!,0.0,359cd6eb-de34-4ae2-90a2-6e80e4d4ff62,43d3cede-6b8f-4158-bc7f-c3c7365e5b32,04e63cbf-b1ff-43d9-9e15-530365bc0c74
e2492d05-9414-41fb-b7ef-99b27cf358e6,Jacksonville State,Gamecocks,JVST,1883.0,Cocky the Gamecock,JSU Fight Song,0.0,359cd6eb-de34-4ae2-90a2-6e80e4d4ff62,43d3cede-6b8f-4158-bc7f-c3c7365e5b32,14b60997-0a0b-411a-a140-7a3ebbae35ec
e65ef52d-6a34-426e-816e-040258d2f33b,Western Kentucky,Hilltoppers,WKU,1906.0,Big Red,Stand Up and Cheer!,1.0,359cd6eb-de34-4ae2-90a2-6e80e4d4ff62,43d3cede-6b8f-4158-bc7f-c3c7365e5b32,80256588-53a3-425c-a2af-072fcbb91d78
1e1e3a19-cb5a-48a6-b961-a5359d21812d,UTEP,Miners,UTEP,1913.0,Paydirt Pete,El Paso Fight,0.0,359cd6eb-de34-4ae2-90a2-6e80e4d4ff62,43d3cede-6b8f-4158-bc7f-c3c7365e5b32,1581135f-f4f3-4fc6-a492-ad3f42834a77
515e9431-e87d-4d3e-8916-3ecaa0a05034,Kennesaw State,Owls,KENN,1963.0,Scrappy the Owl,The KSU Fight Song,0.0,359cd6eb-de34-4ae2-90a2-6e80e4d4ff62,43d3cede-6b8f-4158-bc7f-c3c7365e5b32,7f251a48-469e-4d50-97a1-1325154a8006
8e99908e-4ff2-4465-8e1b-156dcf7aa69d,Florida International,Panthers,FIU,1965.0,Roary the Panther,Go FIU,0.0,359cd6eb-de34-4ae2-90a2-6e80e4d4ff62,43d3cede-6b8f-4158-bc7f-c3c7365e5b32,6e850f85-72c6-4760-9435-f3e5ff4d68c0
a12fcb3c-9e0c-489d-a6a9-1a206c3da09c,Ohio,Bobcats,OHIO,1804.0,Rufus the Bobcat,Stand Up and Cheer,0.0,4315f6ac-97c0-49a6-b218-a8768ab65ea7,43d3cede-6b8f-4158-bc7f-c3c7365e5b32,4eabf6a3-e956-466c-9e19-95d03fb2f325
ed169b71-75b4-40dd-ae28-8e17519c06ba,Western Michigan,Broncos,WMU,1903.0,Buster Bronco,WMU Fight Song,0.0,4315f6ac-97c0-49a6-b218-a8768ab65ea7,43d3cede-6b8f-4158-bc7f-c3c7365e5b32,0ac9b7f0-2e77-4722-8592-c2cb9966a60a
5fb529f6-f6b3-4892-a188-9b38addcc9a3,Buffalo,Bulls,BUFF,1846.0,Victor E. Bull,Victory March,0.0,4315f6ac-97c0-49a6-b218-a8768ab65ea7,43d3cede-6b8f-4158-bc7f-c3c7365e5b32,9dce8c9b-13c6-41a7-a280-4d8993a594f3
5b0018d4-52d0-4b53-b90c-2c597298a4bb,Ball State,Cardinals,BALL,1918.0,Charlie Cardinal,Ball State Fight Song,0.0,4315f6ac-97c0-49a6-b218-a8768ab65ea7,43d3cede-6b8f-4158-bc7f-c3c7365e5b32,7340efc0-759f-4e8a-8d23-f34a89958320
03aa49b8-9a36-4e77-adf1-01cc5e2e6a14,Central Michigan,Chippewas,CMU,1892.0,,The Fighting Chippewa,0.0,4315f6ac-97c0-49a6-b218-a8768ab65ea7,43d3cede-6b8f-4158-bc7f-c3c7365e5b32,fb8f19d5-b212-491d-a7f1-0b2c18a8cc80
0fdbf00d-49c6-4c31-abb1-b40cab08c40e,Eastern Michigan,Eagles,EMU,1849.0,Swoop,"Eagles Fight Song, Go Green",0.0,4315f6ac-97c0-49a6-b218-a8768ab65ea7,43d3cede-6b8f-4158-bc7f-c3c7365e5b32,d14d7167-34ab-465b-a3e9-6a8411502cdc
397830a6-c9c2-4c76-bcbc-cb1cdba768f0,Bowling Green,Falcons,BGSU,1910.0,"Freddie Falcon, Frieda Falcon",Forward Falcons,0.0,4315f6ac-97c0-49a6-b218-a8768ab65ea7,43d3cede-6b8f-4158-bc7f-c3c7365e5b32,acb8a408-e737-4ff7-b0cf-0cb86af1fd52
6f81c322-8398-4f16-83ee-d10cd85e2184,Kent State,Golden Flashes,KENT,1910.0,Flash,Fight on for KSU,0.0,4315f6ac-97c0-49a6-b218-a8768ab65ea7,43d3cede-6b8f-4158-bc7f-c3c7365e5b32,24185d11-f2d6-4709-8cf6-f1228f699bd7
0767c157-b084-4239-a684-954a22671bce,Northern Illinois,Huskies,NIU,1895.0,Victor E. Huskie,Huskie Fight Song,0.0,4315f6ac-97c0-49a6-b218-a8768ab65ea7,43d3cede-6b8f-4158-bc7f-c3c7365e5b32,d6061916-ff6f-4fc8-9c49-bbd0953af8d7
7f6bddcc-db68-4bcc-9450-43274e5556ab,UMass,Minutemen,MASS,1863.0,Sam the Minuteman,Fight Mass,1.0,4315f6ac-97c0-49a6-b218-a8768ab65ea7,43d3cede-6b8f-4158-bc7f-c3c7365e5b32,5ee7095f-7102-4b01-ac2d-d19e8a55df60
25a0e60a-2452-494b-8d9e-5177962cf569,Miami (OH),RedHawks,M-OH,1809.0,Swoop the Redhawk,Love and Honor to Miami,0.0,4315f6ac-97c0-49a6-b218-a8768ab65ea7,43d3cede-6b8f-4158-bc7f-c3c7365e5b32,ca5dfb37-e021-4c39-837d-5cec0a3ef95c
692e1f0e-3c3a-4223-b2cf-7bbc58cf4977,Toledo,Rockets,TOL,1872.0,"Rocky the Rocket, Rocksy the Rockette",U of Toledo,0.0,4315f6ac-97c0-49a6-b218-a8768ab65ea7,43d3cede-6b8f-4158-bc7f-c3c7365e5b32,43db741f-27bd-4ddd-95de-012f663a36bc
a90583d2-3576-4abc-906e-974e84a4b2f0,Akron,Zips,AKR,1870.0,Zippy,Akron Blue and Gold,0.0,4315f6ac-97c0-49a6-b218-a8768ab65ea7,43d3cede-6b8f-4158-bc7f-c3c7365e5b32,6a483c69-9d91-4817-98b3-4d7c0cc4a4d9
30abfee7-57a7-4984-9a1c-55cb28970da3,Charlotte,49ers,CHAR,1946.0,Norm the Niner,Charlotte 49ers Fight Song,0.0,49602742-5d66-412e-8a58-ab1e613d593c,43d3cede-6b8f-4158-bc7f-c3c7365e5b32,5189127d-ea58-4917-84b8-8456f3abb8b2
d23058c1-7aaa-44cd-995b-b4be7078df22,Army,Black Knights,ARMY,1802.0,Army Mules,"On, Brave Old Army Team",3.0,49602742-5d66-412e-8a58-ab1e613d593c,43d3cede-6b8f-4158-bc7f-c3c7365e5b32,dc14f5a5-6105-40ba-9ede-bd1f6ef45632
cd66228e-16d4-4753-8af9-d40f0bdc24d6,UAB,Blazers,UAB,1969.0,Blaze,UAB Fight Song,0.0,49602742-5d66-412e-8a58-ab1e613d593c,43d3cede-6b8f-4158-bc7f-c3c7365e5b32,3125677a-d629-45a2-a5d9-3cab62875770
eacced25-52d9-4c27-ab9d-ea9aef995e82,South Florida,Bulls,USF,1956.0,Rocky D. Bull,Golden Brahman March,0.0,49602742-5d66-412e-8a58-ab1e613d593c,43d3cede-6b8f-4158-bc7f-c3c7365e5b32,11833950-c0a5-4188-8a82-b5488211ca80
83bca544-81f2-46cd-8f83-3fe8dbd73a33,Tulsa,Golden Hurricane,TLSA,1894.0,Gus T.,Hurricane Spirit,0.0,49602742-5d66-412e-8a58-ab1e613d593c,43d3cede-6b8f-4158-bc7f-c3c7365e5b32,0c4a7ad3-5a1a-4ec9-b3a1-a1f4d1e3b03c
6551124f-312e-49c8-87c4-d1cba14133c7,Tulane,Green Wave,TULN,1834.0,Riptide,The Olive and the Blue,0.0,49602742-5d66-412e-8a58-ab1e613d593c,43d3cede-6b8f-4158-bc7f-c3c7365e5b32,b1ddd612-4d2f-46bc-a75b-6042d5824122
2a828de7-53d6-4a35-9f55-9aaa226956ed,North Texas,Mean Green,UNT,1890.0,Scrappy,UNT Fight Song,0.0,49602742-5d66-412e-8a58-ab1e613d593c,43d3cede-6b8f-4158-bc7f-c3c7365e5b32,d6ad7651-a128-46d5-837a-a11e437fb926
b1ff8076-e373-4b6a-ab0f-7f8f86bf0370,Navy,Midshipmen,NAVY,1845.0,Bill the Goat,Anchors Aweigh,1.0,49602742-5d66-412e-8a58-ab1e613d593c,43d3cede-6b8f-4158-bc7f-c3c7365e5b32,c1bdffac-1291-45aa-9e4c-546c1d0e0f30
31cc5b49-fbc5-4aca-9196-fbcce6bc6ad9,Rice,Owls,RICE,1912.0,Sammy the Owl,Rice Fight,0.0,49602742-5d66-412e-8a58-ab1e613d593c,43d3cede-6b8f-4158-bc7f-c3c7365e5b32,14d0cea2-6517-45ec-8752-dff6134e703d
c14ef8dc-4d15-401f-a47a-74f15f372b04,Temple,Owls,TEM,1884.0,"Hooter T. Owl, Stella",Fight! Temple Fight!,0.0,49602742-5d66-412e-8a58-ab1e613d593c,43d3cede-6b8f-4158-bc7f-c3c7365e5b32,a6dfcbd3-6df1-4be0-92f7-1902e90c471d
c951e9e7-f0b8-4da6-9913-b35572316314,Florida Atlantic,Owls,FAU,1961.0,"Owlsley the Owl, Hoot the Owl",FAU Fight Song,0.0,49602742-5d66-412e-8a58-ab1e613d593c,43d3cede-6b8f-4158-bc7f-c3c7365e5b32,4bdb03d7-023d-47e6-843e-837f6c969c2c
e3b9e7df-4b69-4d27-9948-59491c29be86,East Carolina,Pirates,ECU,1907.0,PeeDee the Pirate,E.C. Victory,0.0,49602742-5d66-412e-8a58-ab1e613d593c,43d3cede-6b8f-4158-bc7f-c3c7365e5b32,b0fc956a-8688-46b5-83ab-68aa6b465818
b845a41f-2606-478f-a458-3fee79588ad8,UTSA,Roadrunners,UTSA,1969.0,Rowdy,"Go Roadrunners, Go!",0.0,49602742-5d66-412e-8a58-ab1e613d593c,43d3cede-6b8f-4158-bc7f-c3c7365e5b32,0f0b1691-1f01-41f4-a34d-4f34ac0dc413
7c3a4847-5a1d-422f-b15b-dcc5f8cc5e24,Memphis,Tigers,MEM,1912.0,Pouncer,Go Tigers Go,0.0,49602742-5d66-412e-8a58-ab1e613d593c,43d3cede-6b8f-4158-bc7f-c3c7365e5b32,f02c9eb2-0b21-4cea-9f44-7bfac957f7ca
e7268e7f-a453-4f46-b005-689d1d4966d4,Utah State,Aggies,USU,1888.0,Big Blue,Hail the Utah Aggies,0.0,82fb0ec0-4f49-4ab9-9bcc-fe782b015210,43d3cede-6b8f-4158-bc7f-c3c7365e5b32,005c634f-8de4-4b05-9dee-3e56c31b255b
54585fd0-90d0-46bd-a018-d033fb2ee767,San Diego State,Aztecs,SDSU,1897.0,Montezuma,Fight On,0.0,82fb0ec0-4f49-4ab9-9bcc-fe782b015210,43d3cede-6b8f-4158-bc7f-c3c7365e5b32,7d20b630-56c3-11ec-9281-217a369cffb1
35aa5295-ad07-4b95-aad2-63d1d5bf9009,Boise State,Broncos,BSU,1932.0,Buster Bronco,Orange and Blue,1.0,82fb0ec0-4f49-4ab9-9bcc-fe782b015210,43d3cede-6b8f-4158-bc7f-c3c7365e5b32,d013e5b6-671e-4068-a796-71fe144a9d95
558f07ed-85b3-447d-bdd2-9cd98ca3a547,Fresno State,Bulldogs,FRES,1911.0,TimeOut,"Fight Varsity, Troopers Battle Hymn",0.0,82fb0ec0-4f49-4ab9-9bcc-fe782b015210,43d3cede-6b8f-4158-bc7f-c3c7365e5b32,61cb257b-0722-4b22-bb42-60cdd8c69473
a62b2dda-d22c-47bf-ad2c-60c66e64d8c7,Wyoming,Cowboys,WYO,1886.0,Cowboy Joe,Ragtime Cowboy Joe,0.0,82fb0ec0-4f49-4ab9-9bcc-fe782b015210,43d3cede-6b8f-4158-bc7f-c3c7365e5b32,099c46d0-207c-4f9e-866f-42b61a9129e9
9f40a53c-d4bc-4d58-8208-2227634f9454,Air Force,Falcons,AFA,1954.0,The Bird,Falcon Fight Song,0.0,82fb0ec0-4f49-4ab9-9bcc-fe782b015210,43d3cede-6b8f-4158-bc7f-c3c7365e5b32,935196fd-b20e-4c74-943b-14bb5667efa0
02cd61b6-2dad-4b3d-94cd-1c1c3cdbf3ad,New Mexico,Lobos,UNM,1889.0,"Lobo Louie, Lobo Lucy",UNM Fight Song,0.0,82fb0ec0-4f49-4ab9-9bcc-fe782b015210,43d3cede-6b8f-4158-bc7f-c3c7365e5b32,f33068ee-15ce-4ff1-83fa-1eda91396cae
97673f68-cb54-4025-abe6-c8ea0e2ec7d9,Hawai'i,Rainbow Warriors,HAW,1907.0,Vili the Warrior,University of Hawaii Fight Song,0.0,82fb0ec0-4f49-4ab9-9bcc-fe782b015210,43d3cede-6b8f-4158-bc7f-c3c7365e5b32,cdfefa21-99d3-4c32-a185-a6afb816b310
04f8c610-fe83-4b44-a3fc-02394869b81f,Colorado State,Rams,CSU,1870.0,CAM the Ram,Stalwart Rams,0.0,82fb0ec0-4f49-4ab9-9bcc-fe782b015210,43d3cede-6b8f-4158-bc7f-c3c7365e5b32,4bf5bdde-2d8d-4b86-88a2-770dc8adbab5
5f105ef1-4d01-45a5-bfbb-497ee86a8eba,UNLV,Rebels,UNLV,1957.0,Hey Reb!,Win with the Rebels,0.0,82fb0ec0-4f49-4ab9-9bcc-fe782b015210,43d3cede-6b8f-4158-bc7f-c3c7365e5b32,ca45b851-0906-4762-af04-16a96215ca25
edc91db3-9a77-4af6-aa9b-b8a67930ba51,San Jose State,Spartans,SJSU,1857.0,Sammy the Spartan,Spartan Fight Song,0.0,82fb0ec0-4f49-4ab9-9bcc-fe782b015210,43d3cede-6b8f-4158-bc7f-c3c7365e5b32,cb67d94f-ee0b-457e-b7cd-bf23fd742fab
0c8fc8f1-0659-49dd-8668-436c3812089e,Nevada,Wolf Pack,NEV,1874.0,"Alphie, Wolfie Jr.",Hail to our Sturdy Team,0.0,82fb0ec0-4f49-4ab9-9bcc-fe782b015210,43d3cede-6b8f-4158-bc7f-c3c7365e5b32,15e8cfc6-bc73-4767-b357-cb54778e12cf
9e028d90-7fe0-4a3f-8a6c-c5b5115e12fc,Texas State,Bobcats,TXST,1899.0,Boko the Bobcat,Go Bobcats!,0.0,b47f1b7f-3fb9-45e0-b9bc-639d729b733c,43d3cede-6b8f-4158-bc7f-c3c7365e5b32,de7014bf-1a0c-45bb-9b86-90292f8ccce0
6489c587-507f-46a1-a3eb-ee9c2eee23f0,Coastal Carolina,Chanticleers,CCAR,1954.0,Chauncey,We're The Chanticleers,0.0,b47f1b7f-3fb9-45e0-b9bc-639d729b733c,43d3cede-6b8f-4158-bc7f-c3c7365e5b32,8fab2189-2cd4-4d73-bc92-12fb5b47eedb
b59ad9ae-b8ec-4f8e-9bd2-ec5b4af41e57,James Madison,Dukes,JMU,1908.0,Duke Dog,JMU Fight Song,2.0,b47f1b7f-3fb9-45e0-b9bc-639d729b733c,43d3cede-6b8f-4158-bc7f-c3c7365e5b32,6d1bda17-688e-4271-abf3-238388466984
1ec48c6a-638f-4a79-a134-ec43bd506612,Georgia Southern,Eagles,GASO,1906.0,"Freedom, GUS","Eagle Fanfare, Georgia Southern Fight Song",0.0,b47f1b7f-3fb9-45e0-b9bc-639d729b733c,43d3cede-6b8f-4158-bc7f-c3c7365e5b32,d3191a90-4fa2-4201-9713-e60118c2eac7
7a04d7e0-90cb-4497-8622-c53e284c2c19,Southern Miss,Golden Eagles,USM,1910.0,Seymour d'Campus,Southern Miss to the Top,0.0,b47f1b7f-3fb9-45e0-b9bc-639d729b733c,43d3cede-6b8f-4158-bc7f-c3c7365e5b32,7dc4adc9-2066-4a1a-ab91-782d3c9ae5d4
b6fa0a24-da86-4c1d-aed7-7aad175cd249,South Alabama,Jaguars,USA,1963.0,"SouthPaw, Mrs. Pawla",South!,0.0,b47f1b7f-3fb9-45e0-b9bc-639d729b733c,43d3cede-6b8f-4158-bc7f-c3c7365e5b32,8ad2e986-26a7-4013-93de-b24d157ad93f
c7384d59-3901-4342-8dbc-31801d925d11,Old Dominion,Monarchs,ODU,1930.0,Big Blue,Victory for Old Dominion,0.0,b47f1b7f-3fb9-45e0-b9bc-639d729b733c,43d3cede-6b8f-4158-bc7f-c3c7365e5b32,07db5fc7-2be8-4886-97cd-dd7b4c25973f
da992ee8-f2dd-4196-a74a-c1ca4cd2d559,Appalachian State,Mountaineers,APP,1899.0,Yosef,Hi Hi Yikas,0.0,b47f1b7f-3fb9-45e0-b9bc-639d729b733c,43d3cede-6b8f-4158-bc7f-c3c7365e5b32,10cfae9a-a327-4550-91e6-b223566d94d0
4f776283-3758-4325-b633-31a5be257a80,Georgia State,Panthers,GAST,1913.0,Pounce,"Fight Panthers, Panther Pride",0.0,b47f1b7f-3fb9-45e0-b9bc-639d729b733c,43d3cede-6b8f-4158-bc7f-c3c7365e5b32,fd518168-c4f1-4f3c-9be3-45adc4e32102
2dec939a-f303-43ac-964d-37e81f75e286,Louisiana,Ragin' Cajuns,ULL,1898.0,Cayenne,Rajin' Cajuns Fight Song,0.0,b47f1b7f-3fb9-45e0-b9bc-639d729b733c,43d3cede-6b8f-4158-bc7f-c3c7365e5b32,f1dfc1a8-b9e6-433c-b978-47b6dba27cfc
b33187c4-a906-4cff-b15b-f1bcb410a743,Arkansas State,Red Wolves,ARST,1909.0,Howl,ASU Loyalty,0.0,b47f1b7f-3fb9-45e0-b9bc-639d729b733c,43d3cede-6b8f-4158-bc7f-c3c7365e5b32,d23ef60f-4086-4088-b1f2-0fc4fc7a21e7
77ffe1ca-a84c-4779-9293-345dcfb2c4ce,Marshall,Thundering Herd,MRSH,1837.0,Marco the Bison,Sons of Marshall,2.0,b47f1b7f-3fb9-45e0-b9bc-639d729b733c,43d3cede-6b8f-4158-bc7f-c3c7365e5b32,451f7c59-6592-4a33-be06-0d1467a10086
71c1879b-9dfb-43a2-8476-c9cd283c0827,Troy,Trojans,TROY,1887.0,T-Roy,Trojans One & All,0.0,b47f1b7f-3fb9-45e0-b9bc-639d729b733c,43d3cede-6b8f-4158-bc7f-c3c7365e5b32,1c6f005e-7988-4ec9-81ca-48baa9e5c731
6370f943-c638-43f3-8c6b-740e6c4a8999,Louisiana-Monroe,Warhawks,ULM,1931.0,Ace the Warhawk,Cheer for Northeast,1.0,b47f1b7f-3fb9-45e0-b9bc-639d729b733c,43d3cede-6b8f-4158-bc7f-c3c7365e5b32,3a4e6ebd-cc12-42bd-89cd-b1de2cf7d8ab
d7f19bff-74e7-4b71-a221-12dfeb144fd8,Notre Dame,Fighting Irish,ND,1842.0,Notre Dame Leprechaun,Notre Dame Victory March,13.0,bd2f1da4-a5b6-4047-9494-612df34e9091,43d3cede-6b8f-4158-bc7f-c3c7365e5b32,2d42c53e-d8ba-418c-80f1-af67ff4c465e
1a11c84d-18be-40d0-a354-f188958e16b1,UConn,Huskies,CONN,1881.0,Jonathan,UConn Husky,0.0,bd2f1da4-a5b6-4047-9494-612df34e9091,43d3cede-6b8f-4158-bc7f-c3c7365e5b32,12b0ae84-0692-4a15-adea-09ae2e1c39f0
d5199a36-7f26-4c3b-be48-9599039e232c,Texas A&M,Aggies,TXAM,1876.0,Reveille,Aggie War Hymn,3.0,c7a491c8-d0f2-4ca1-9403-f82db4452dd1,43d3cede-6b8f-4158-bc7f-c3c7365e5b32,889f7722-95bd-413a-9b1b-bbec46e490c7
2eef738d-c637-4b12-b8df-4b79efcce71e,Georgia,Bulldogs,UGA,1785.0,"Uga, Hairy Dawg",Hail to Georgia,4.0,c7a491c8-d0f2-4ca1-9403-f82db4452dd1,43d3cede-6b8f-4158-bc7f-c3c7365e5b32,54cbb94e-27cc-4d25-ae2a-ae43645181ac
6653b9f3-44c6-4b23-8d15-d32aebdee1f9,Mississippi State,Bulldogs,MSST,1878.0,Bully,Hail State,0.0,c7a491c8-d0f2-4ca1-9403-f82db4452dd1,43d3cede-6b8f-4158-bc7f-c3c7365e5b32,a19f6372-2ec8-48e7-b69b-d0ac5e8d40c7
8177772e-e8b5-44c6-8dc2-a745b863ec3b,Vanderbilt,Commodores,VAN,1873.0,Mr. C,Dynamite!,0.0,c7a491c8-d0f2-4ca1-9403-f82db4452dd1,43d3cede-6b8f-4158-bc7f-c3c7365e5b32,2f49d92d-c734-4794-bcd5-f830138ae93d
19775492-f1eb-4bc5-9e15-078ebd689c0f,Alabama,Crimson Tide,ALA,1820.0,Big Al,Yea Alabama,18.0,c7a491c8-d0f2-4ca1-9403-f82db4452dd1,43d3cede-6b8f-4158-bc7f-c3c7365e5b32,3e133141-8ce3-4e3f-a6c3-72d31f9f1401
7b1dbcdb-34b2-479e-9b6b-4c7221e7f743,South Carolina,Gamecocks,SCAR,1801.0,"Cocky, Sir Big Spur",The Fighting Gamecocks Lead the Way,0.0,c7a491c8-d0f2-4ca1-9403-f82db4452dd1,43d3cede-6b8f-4158-bc7f-c3c7365e5b32,a9fd6470-7b59-4de1-a667-a14dcec1f20c
c765cbff-99d8-4c43-8f6b-e49577ca18fa,Florida,Gators,FLA,1853.0,"Albert, Alberta",The Orange and Blue,3.0,c7a491c8-d0f2-4ca1-9403-f82db4452dd1,43d3cede-6b8f-4158-bc7f-c3c7365e5b32,08d52bb0-974a-42fe-b5fa-cd0e03fa03af
ae68bc50-4135-47b5-b2f1-03d0669e54c8,Texas,Longhorns,TEX,1883.0,Bevo,Texas Fight,4.0,c7a491c8-d0f2-4ca1-9403-f82db4452dd1,43d3cede-6b8f-4158-bc7f-c3c7365e5b32,94acff7b-6dd4-446b-ba59-3071fd153917
52dc23de-c6ba-4467-b964-a433658eded2,Arkansas,Razorbacks,ARK,1871.0,Tusk,Arkansas Fight,1.0,c7a491c8-d0f2-4ca1-9403-f82db4452dd1,43d3cede-6b8f-4158-bc7f-c3c7365e5b32,84f17139-34a1-4b33-b8de-d100fb5dae25
e3df6700-2881-4b02-a170-f397bb5718a9,Ole Miss,Rebels,MISS,1844.0,Tony the Landshark,Forward Rebels,3.0,c7a491c8-d0f2-4ca1-9403-f82db4452dd1,43d3cede-6b8f-4158-bc7f-c3c7365e5b32,a7adc635-7259-4e4f-9e1f-2f88dd192fc3
242f21d8-7372-4359-a04f-4d467ead22d6,Oklahoma,Sooners,OKLA,1890.0,Sooner Schooner,Boomer Sooner,7.0,c7a491c8-d0f2-4ca1-9403-f82db4452dd1,43d3cede-6b8f-4158-bc7f-c3c7365e5b32,ae5bf857-ed28-48b7-b3fc-da1998a7c77d
772536c7-c3e8-40d1-ac6e-232d719dc052,Missouri,Tigers,MIZZ,1839.0,Truman the Tiger,"Every True Son, Fight Tiger",0.0,c7a491c8-d0f2-4ca1-9403-f82db4452dd1,43d3cede-6b8f-4158-bc7f-c3c7365e5b32,0ff7c8e7-3b92-4e79-814a-6e4cb2db9578
e5bbd1bd-0d65-4581-8d9c-58b33fd5ce62,Auburn,Tigers,AUB,1856.0,Aubie the Tiger,War Eagle,2.0,c7a491c8-d0f2-4ca1-9403-f82db4452dd1,43d3cede-6b8f-4158-bc7f-c3c7365e5b32,532e38f6-b491-4810-a120-c84957934879
ffca4209-dbfa-4597-b25a-ed19bb351037,LSU,Tigers,LSU,1860.0,Mike the Tiger,Fight for LSU,4.0,c7a491c8-d0f2-4ca1-9403-f82db4452dd1,43d3cede-6b8f-4158-bc7f-c3c7365e5b32,7781def9-664a-4377-860f-1667e93e510c
9ecb9f6b-df4a-4a92-aaa4-5d50a5286bdd,Tennessee,Volunteers,TENN,1794.0,Smokey,Down the Field,6.0,c7a491c8-d0f2-4ca1-9403-f82db4452dd1,43d3cede-6b8f-4158-bc7f-c3c7365e5b32,f6f0f7e6-9b6d-4e5b-b884-40664790ddb8
5941ffa3-cdd5-459b-ab61-fef120b929b2,Kentucky,Wildcats,UK,1865.0,Scratch,"On, On, U of K, Kentucky Fight",0.0,c7a491c8-d0f2-4ca1-9403-f82db4452dd1,43d3cede-6b8f-4158-bc7f-c3c7365e5b32,069f66c7-d648-46a0-b129-01eef3254339
7dbca160-b9d8-4da4-8176-2445cb4b34d2,Wisconsin,Badgers,WIS,1848.0,Bucky Badger,"On, Wisconsin!",0.0,cddff7c9-65e1-4fe0-b052-87fd4213fbfe,43d3cede-6b8f-4158-bc7f-c3c7365e5b32,9af4c614-c1c7-4397-af9f-45983d370fc9
485dd62f-108c-4e32-b171-27f5d493552d,Purdue,Boilermakers,PUR,1869.0,"Boilermaker Special, Purdue Pete",Hail Purdue!,0.0,cddff7c9-65e1-4fe0-b052-87fd4213fbfe,43d3cede-6b8f-4158-bc7f-c3c7365e5b32,f972d584-7a77-4462-82e5-0da4dee1dc47
398eda2b-ba77-469f-94df-18fd1d9087d8,UCLA,Bruins,UCLA,1919.0,"Joe Bruin, Josephine Bruin","Might Bruins, Sons of Westwood",1.0,cddff7c9-65e1-4fe0-b052-87fd4213fbfe,43d3cede-6b8f-4158-bc7f-c3c7365e5b32,18e670be-fbc5-4f4a-afe9-83f8e3e66940
9a6d6f3f-021e-4ddd-8fac-ac4766239d87,Ohio State,Buckeyes,OSU,1870.0,Brutus Buckeye,"Across the Field, Buckeye Battle Cry",9.0,cddff7c9-65e1-4fe0-b052-87fd4213fbfe,43d3cede-6b8f-4158-bc7f-c3c7365e5b32,668dcdfb-06dd-4185-911d-d62891ab9143
98833e65-ab72-482d-b3c0-13f8656629c0,Nebraska,Cornhuskers,NEB,1869.0,"Herbie Husker, Lil' Red",Hail Varsity,5.0,cddff7c9-65e1-4fe0-b052-87fd4213fbfe,43d3cede-6b8f-4158-bc7f-c3c7365e5b32,6c656e44-7186-4da9-adfe-0d341bcacf86
5c218a3b-a013-4037-97b6-603c9502b701,Oregon,Ducks,ORE,1872.0,The Duck,Mighty Oregon,0.0,cddff7c9-65e1-4fe0-b052-87fd4213fbfe,43d3cede-6b8f-4158-bc7f-c3c7365e5b32,ce70e935-5239-49ef-b3db-62ceabbb5cf4
2d824a5f-e706-45b8-9d20-434ed5dd5c2f,Illinois,Fighting Illini,ILL,1867.0,,"Illinois Loyalty, Oskee Wow Wow",3.0,cddff7c9-65e1-4fe0-b052-87fd4213fbfe,43d3cede-6b8f-4158-bc7f-c3c7365e5b32,b94a2088-1be5-4de0-8957-6e1cda199e5f
709c25ab-2674-4d9f-9571-69c5ee9363b6,Minnesota,Golden Gophers,MINN,1851.0,Goldy Gopher,Minnesota Rouser,6.0,cddff7c9-65e1-4fe0-b052-87fd4213fbfe,43d3cede-6b8f-4158-bc7f-c3c7365e5b32,5f4ad0df-6a7e-42fd-9d04-fe165a183632
a2ee495d-37c7-45ac-ac3d-d3a492a219c1,Iowa,Hawkeyes,IOWA,1847.0,Herky the Hawk,Iowa Fight Song,1.0,cddff7c9-65e1-4fe0-b052-87fd4213fbfe,43d3cede-6b8f-4158-bc7f-c3c7365e5b32,967ef86b-d0de-49b7-8984-61f95104d30d
fa0eb091-8e35-49c7-b00f-269794a99a61,Indiana,Hoosiers,IND,1820.0,Hoosier the Bison,"Indiana, Our Indiana",0.0,cddff7c9-65e1-4fe0-b052-87fd4213fbfe,43d3cede-6b8f-4158-bc7f-c3c7365e5b32,36ac3e20-2bfe-4654-b15a-f6398037156b
7293edba-9810-444b-9df1-709c24d1c522,Washington,Huskies,WASH,1861.0,"Dubs II, Harry the Husky",Bow Down to Washington,2.0,cddff7c9-65e1-4fe0-b052-87fd4213fbfe,43d3cede-6b8f-4158-bc7f-c3c7365e5b32,1d2d7c40-a4b4-43ec-9463-c1fd1f483ce8
eeb3ce19-6ddd-4c91-afab-811c6cc81974,Penn State,Nittany Lions,PSU,1855.0,Nittany Lion,"Fight On, State",4.0,cddff7c9-65e1-4fe0-b052-87fd4213fbfe,43d3cede-6b8f-4158-bc7f-c3c7365e5b32,ce739138-6c6a-48a7-a2ad-25a18f9c4139
a60012f8-dc22-4c7d-9d1b-c00cdc3e9c97,Rutgers,Scarlet Knights,RUTG,1766.0,Scarlet Knight,The Bells Must Ring,0.0,cddff7c9-65e1-4fe0-b052-87fd4213fbfe,43d3cede-6b8f-4158-bc7f-c3c7365e5b32,811a4a98-cd29-4d1b-bf45-9f7e9e341cf8
1cdf66a2-f157-4b4f-ad37-bd31e268f0ae,Michigan State,Spartans,MSU,1855.0,Sparty,Victory for MSU,3.0,cddff7c9-65e1-4fe0-b052-87fd4213fbfe,43d3cede-6b8f-4158-bc7f-c3c7365e5b32,9f8efea1-0b91-491e-a6b3-1adbddad8ded
e2a7ee48-c096-4aac-a7a2-4f1f35baa835,Maryland,Terrapins,MD,1856.0,Testudo,"Maryland Victory Song, Maryland Fight Song",1.0,cddff7c9-65e1-4fe0-b052-87fd4213fbfe,43d3cede-6b8f-4158-bc7f-c3c7365e5b32,910a54c9-d15f-4e40-a39e-ae20da947833
8f496f34-14e3-4ca7-958b-53f6da0b74d6,USC,Trojans,USC,1880.0,Traveler,Fight On,11.0,cddff7c9-65e1-4fe0-b052-87fd4213fbfe,43d3cede-6b8f-4158-bc7f-c3c7365e5b32,8df5b87a-35b7-474b-afc0-fc2c17d033f0
8c345b64-d751-44aa-852f-8c30db72ffdc,Northwestern,Wildcats,NW,1851.0,Willie the Wildcat,Go U Northwestern,0.0,cddff7c9-65e1-4fe0-b052-87fd4213fbfe,43d3cede-6b8f-4158-bc7f-c3c7365e5b32,5dacfb00-1300-11ef-a786-074685b59f97
d3e8c416-e643-4d5e-be9e-c598a150b234,Michigan,Wolverines,MICH,1817.0,,The Victors,10.0,cddff7c9-65e1-4fe0-b052-87fd4213fbfe,43d3cede-6b8f-4158-bc7f-c3c7365e5b32,5b559a78-26ac-4b95-909e-4580b81ab7d9
6fddb136-b83b-4f5f-8574-54e5581aeaae,Oregon State,Beavers,ORST,1868.0,Benny Beaver,Hail to Old OSU,0.0,e36e74d3-fe2d-4379-a283-4eafa01202f4,43d3cede-6b8f-4158-bc7f-c3c7365e5b32,08ebca26-40bd-4112-a917-69c509c7ec7a
1ff5428d-2e8c-4b0f-a5a6-ebff126111a2,Washington State,Cougars,WSU,1890.0,Butch T. Cougar,Washington State University Fight Song,0.0,e36e74d3-fe2d-4379-a283-4eafa01202f4,43d3cede-6b8f-4158-bc7f-c3c7365e5b32,ff72146a-d976-4d29-9546-3b8d0a5ad11f
42a9a18b-b59a-408b-8cab-4e49cbe2c23a,Cincinnati,Bearcats,CIN,1819.0,The Bearcat,Cheer Cincinnati,0.0,f1095195-822c-4ecd-b96a-565a4da3b796,43d3cede-6b8f-4158-bc7f-c3c7365e5b32,30807eb2-2e75-4749-a37f-89b30e5801de
8b8225f5-eb09-48ea-9120-cef081918b7a,Baylor,Bears,BAY,1845.0,"Bruiser, Marigold",Old Fight,0.0,f1095195-822c-4ecd-b96a-565a4da3b796,43d3cede-6b8f-4158-bc7f-c3c7365e5b32,02e0179d-2c03-41ec-b84e-ce37a66bc1c7
a18d7cf8-1263-45f2-a938-04032d2f7cf5,Colorado,Buffaloes,COLO,1876.0,Ralphie,Fight CU,1.0,f1095195-822c-4ecd-b96a-565a4da3b796,43d3cede-6b8f-4158-bc7f-c3c7365e5b32,4eef58a5-27ee-480b-8f44-c57d8479d763
38157fcd-b2d8-4ecf-ad50-272f8228bf34,Houston,Cougars,HOU,1927.0,Shasta,Cougar Fight Song,0.0,f1095195-822c-4ecd-b96a-565a4da3b796,43d3cede-6b8f-4158-bc7f-c3c7365e5b32,67d3ceac-74eb-43a6-aa52-0bc639949124
627b2e5c-3ba5-496e-9f9b-1c620247c1b7,BYU,Cougars,BYU,1875.0,Cosmo the Cougar,The Cougar Song,1.0,f1095195-822c-4ecd-b96a-565a4da3b796,43d3cede-6b8f-4158-bc7f-c3c7365e5b32,d290d7c6-d484-4f5d-a40e-14948be79817
e346442f-9228-4e94-8e9a-376c5ef7e796,Oklahoma State,Cowboys,OKST,1890.0,Pistol Pete,Ride 'em Cowboys,0.0,f1095195-822c-4ecd-b96a-565a4da3b796,43d3cede-6b8f-4158-bc7f-c3c7365e5b32,98612a89-835b-4ee3-a44d-4841b918262a
d335c726-44aa-4b69-8271-59d42d691cba,Iowa State,Cyclones,ISU,1858.0,Cy the Cardinal,ISU Fights,0.0,f1095195-822c-4ecd-b96a-565a4da3b796,43d3cede-6b8f-4158-bc7f-c3c7365e5b32,48dccc17-7e5b-49c8-a87d-240d05021943
a09e634d-39a8-4aa8-81a4-7337580a31f4,TCU,Horned Frogs,TCU,1873.0,Super Frog,TCU March,1.0,f1095195-822c-4ecd-b96a-565a4da3b796,43d3cede-6b8f-4158-bc7f-c3c7365e5b32,044eb351-f9c2-4784-8ea1-1a6e5efe216c
d0212bdb-5dd4-4604-a221-9adf26e6fd4a,Kansas,Jayhawks,KU,1864.0,"Big Jay, Baby Jay",I'm a Jayhawk,0.0,f1095195-822c-4ecd-b96a-565a4da3b796,43d3cede-6b8f-4158-bc7f-c3c7365e5b32,0befa6a6-87d9-43ad-b2a3-ecc00bca9a1a
53aaad5a-b81b-490e-b04a-b650156cd1db,UCF,Knights,UCF,1963.0,Knightro,Charge On,0.0,f1095195-822c-4ecd-b96a-565a4da3b796,43d3cede-6b8f-4158-bc7f-c3c7365e5b32,07605a2e-b69f-4613-88e5-30b537c935b1
7268f3da-94eb-43c0-86c0-a37f854d5c9d,West Virginia,Mountaineers,WVU,1867.0,The Mountaineer,"Hail, West Virginia",0.0,f1095195-822c-4ecd-b96a-565a4da3b796,43d3cede-6b8f-4158-bc7f-c3c7365e5b32,280f176a-f48a-4c98-ad55-2b5a98ee74d2
22083fa4-8d9c-4ccc-8c33-cda772954099,Texas Tech,Red Raiders,TTU,1923.0,"The Masked Rider, Raider Red","Fight, Raiders, Fight",0.0,f1095195-822c-4ecd-b96a-565a4da3b796,43d3cede-6b8f-4158-bc7f-c3c7365e5b32,71f1fa87-9d04-42db-86c1-b4bef3024f11
00fd8418-0e62-4366-9a2a-d5f72850066c,Arizona State,Sun Devils,ASU,1885.0,Sparky,Maroon & Gold,0.0,f1095195-822c-4ecd-b96a-565a4da3b796,43d3cede-6b8f-4158-bc7f-c3c7365e5b32,ae923f75-5f89-48ec-9447-9ee05028f0f0
28e1dbb0-1295-42ca-bda1-fddb122aed2b,Utah,Utes,UTAH,1850.0,Swoop,Utah Man,0.0,f1095195-822c-4ecd-b96a-565a4da3b796,43d3cede-6b8f-4158-bc7f-c3c7365e5b32,babe8c16-c2b2-4a33-8a4c-e009349c7392
0dd26ea7-79fb-4ea8-bf48-7c31108e14a3,Kansas State,Wildcats,KSU,1863.0,Willie the Wildcat,Wildcat Victory,0.0,f1095195-822c-4ecd-b96a-565a4da3b796,43d3cede-6b8f-4158-bc7f-c3c7365e5b32,c63bd111-d94a-42e1-bd95-cbb74103552c
9e33183c-7e35-4738-9051-719dd7b32e9c,Arizona,Wildcats,ARIZ,1885.0,"Wilbur the Wildcat, Wilma the Wildcat","Bear Down, Arizona",0.0,f1095195-822c-4ecd-b96a-565a4da3b796,43d3cede-6b8f-4158-bc7f-c3c7365e5b32,0d3004a2-736f-42c2-973b-31e1391404f4
a4393e78-2c8a-4781-bab4-03503bfff141,Western New England,Golden Bears,WNEU,,,,,0b87cfb1-c1c5-4033-bbc2-4890d344b97f,5f7c0a15-2b79-4ca4-b320-136d9495d1f7,
966bcc98-4e61-42cc-9de6-3151e002efe2,Salve Regina,Seahawks,SALV,,,,,0b87cfb1-c1c5-4033-bbc2-4890d344b97f,5f7c0a15-2b79-4ca4-b320-136d9495d1f7,
2d7e35bc-a88b-41e3-8c1f-be8ef9520086,NC Wesleyan,Battling Bishops,NCW,,,,,252b1211-a36c-4184-b229-d8d121610024,5f7c0a15-2b79-4ca4-b320-136d9495d1f7,
bbd829f6-77b1-4ca0-8250-7dd95c47218d,Methodist,Monarchs,MU,,,,,252b1211-a36c-4184-b229-d8d121610024,5f7c0a15-2b79-4ca4-b320-136d9495d1f7,
2c6f6630-3015-11f0-89fb-dbc14ef36751,Greensboro,Pride,GRC,,,,,252b1211-a36c-4184-b229-d8d121610024,5f7c0a15-2b79-4ca4-b320-136d9495d1f7,
311eb983-3141-4a6e-b61f-27ef1743b8fd,Maryville (TN),Scots,MVC,,,,,252b1211-a36c-4184-b229-d8d121610024,5f7c0a15-2b79-4ca4-b320-136d9495d1f7,
3415df55-483b-47e9-a138-568151b1d773,Brevard College,Tornados,BVC,,,,,252b1211-a36c-4184-b229-d8d121610024,5f7c0a15-2b79-4ca4-b320-136d9495d1f7,
68e4ccc3-2268-4089-af65-d891b0c9c673,Monmouth College,Scots,MONC,,,,,293891fe-afce-43cf-85be-3bef7a0f9491,5f7c0a15-2b79-4ca4-b320-136d9495d1f7,
7c1ea83e-f07b-46dc-9bb1-7130de8c502c,Augsburg,Auggies,AUGS,,,,,29a74ca3-7c09-4d54-8d0f-62c15ee03cdc,5f7c0a15-2b79-4ca4-b320-136d9495d1f7,
164b6de9-f682-45de-9cef-ace3558bffbc,Concordia-Moorhead,Cobbers,CONC,,,,,29a74ca3-7c09-4d54-8d0f-62c15ee03cdc,5f7c0a15-2b79-4ca4-b320-136d9495d1f7,
71b631c0-4e39-40c1-9112-555e90c9313c,Gustavus Adolphus,Gusties,GAC,,,,,29a74ca3-7c09-4d54-8d0f-62c15ee03cdc,5f7c0a15-2b79-4ca4-b320-136d9495d1f7,
86cd96cb-37a6-4dc1-9ab8-faca12b0ca99,Saint John's (MN),Johnnies,SJU,,,,,29a74ca3-7c09-4d54-8d0f-62c15ee03cdc,5f7c0a15-2b79-4ca4-b320-136d9495d1f7,
e1672257-9c7e-44bd-b951-fb8483f5104c,Carleton,Knights,CARL,,,,,29a74ca3-7c09-4d54-8d0f-62c15ee03cdc,5f7c0a15-2b79-4ca4-b320-136d9495d1f7,
83e1b5c2-16f5-4e61-a297-ee2213b6f767,St. Olaf,Oles,SOC,,,,,29a74ca3-7c09-4d54-8d0f-62c15ee03cdc,5f7c0a15-2b79-4ca4-b320-136d9495d1f7,
bfe1b361-fed9-4d5c-a98a-c1915ced488d,Hamline,Pipers,HAML,,,,,29a74ca3-7c09-4d54-8d0f-62c15ee03cdc,5f7c0a15-2b79-4ca4-b320-136d9495d1f7,
60190587-8218-4622-9a55-f33560b7d18f,Bethel (MN),Royals,BETHM,,,,,29a74ca3-7c09-4d54-8d0f-62c15ee03cdc,5f7c0a15-2b79-4ca4-b320-136d9495d1f7,
c57c0ee8-068f-406b-a05d-974c717f82c1,Guilford,Quakers,GC,,,,,44aadfd0-d35b-4a15-b4fc-4330d4ce6071,5f7c0a15-2b79-4ca4-b320-136d9495d1f7,
57458416-bf4a-4191-b495-6ad4474bca4b,Emory & Henry,Wasps,EMHE	,,,,,44aadfd0-d35b-4a15-b4fc-4330d4ce6071,5f7c0a15-2b79-4ca4-b320-136d9495d1f7,
1003f810-14bf-11f0-9f36-d9ba58a137df,Adrian,Bulldogs,ADRN,,,,,4a45ecd1-578f-4928-a42f-0e8a7ff08947,5f7c0a15-2b79-4ca4-b320-136d9495d1f7,
3dbd5f40-3769-11f0-b33b-01ab33fae7a6,Western Connecticut State,Wolves,WCSU,,,,,5252072c-ad6c-4acc-80e7-6c24c87c7043,5f7c0a15-2b79-4ca4-b320-136d9495d1f7,
a7fea04a-5e83-41b6-8311-bcdb80ea7f4b,St. Scholastica,Saints,CSS,,,,,5cef910f-3897-4386-913e-ca840553dd24,5f7c0a15-2b79-4ca4-b320-136d9495d1f7,
5b99da48-b028-440f-b600-65c50cb8a1d4,Franklin,Grizzlies,FRNK,,,,,6bf1311a-2333-4548-be17-8f1aa14f8e4d,5f7c0a15-2b79-4ca4-b320-136d9495d1f7,5575f6fe-180e-4990-914c-309ecdbf8310
da19fd0e-e1e4-45a0-b962-6d6d4ce0b257,Mount St. Joseph,Lions,MSJ,,,,,6bf1311a-2333-4548-be17-8f1aa14f8e4d,5f7c0a15-2b79-4ca4-b320-136d9495d1f7,
b3364bc0-f76d-11ee-a573-b937b2b50f42,Hanover,Panthers,HANO,,,,,6bf1311a-2333-4548-be17-8f1aa14f8e4d,5f7c0a15-2b79-4ca4-b320-136d9495d1f7,3f264a90-1fae-11f0-a0ae-c7c37ec8763e
4c834350-f09c-11ef-84f9-1bccf517e62b,Wisconsin-La Crosse,Eagles,UWLC,,,,,761bddcb-89e4-4ba7-9bc9-6d5dce0af9fa,5f7c0a15-2b79-4ca4-b320-136d9495d1f7,
ab9ce3fe-c326-4524-99fa-cb88def8e647,Wisconsin-River Falls,Falcons,UWRF,,,,,761bddcb-89e4-4ba7-9bc9-6d5dce0af9fa,5f7c0a15-2b79-4ca4-b320-136d9495d1f7,
46d9d950-d8ac-11ed-8008-21e6e877c549,Wisconsin-Stevens Point,Pointers,UWSP,,,,,761bddcb-89e4-4ba7-9bc9-6d5dce0af9fa,5f7c0a15-2b79-4ca4-b320-136d9495d1f7,
8320133e-859d-435a-b2bd-d3061afd07dd,Wisconsin-Oshkosh,Titans,UWO,,,,,761bddcb-89e4-4ba7-9bc9-6d5dce0af9fa,5f7c0a15-2b79-4ca4-b320-136d9495d1f7,
67d944c2-f236-470b-bee6-85c58ab8094d,SUNY-Maritime,Privateers,SUNYM,,,,,7f891013-f048-4208-bf07-958075d62ca4,5f7c0a15-2b79-4ca4-b320-136d9495d1f7,31ceb4fb-29d9-4bee-a7dd-61018b38ab00
0c89b920-116b-11ef-b1a7-c9f2f14cc42a,Buffalo State,Bengals,BUFS,,,,,9a47496a-d965-4a65-b2cc-b5e46081af56,5f7c0a15-2b79-4ca4-b320-136d9495d1f7,
1507970c-7b7f-442c-8b52-bdac5f697380,St. John Fisher,Cardinals,SJFC,,,,,a11713f3-245d-4a16-a1a0-0c23e194f6ba,5f7c0a15-2b79-4ca4-b320-136d9495d1f7,
f6dac8ea-c477-45f6-b6dd-aa4957acb09a,Carnegie Mellon,Tartans,CM,,,,,b43d0cd2-5c9e-45ba-af85-35a2dcedafa8,5f7c0a15-2b79-4ca4-b320-136d9495d1f7,
e6d61910-fd59-4be8-b404-6d6223c1308c,Wesley College,Wolverines,WC,,,,,bdce7519-79e3-4b7a-9148-a497bca7b8db,5f7c0a15-2b79-4ca4-b320-136d9495d1f7,
17e615ac-9e5e-4b7e-b148-79cfbc2009eb,Catholic,Cardinals,TCUA,,,,,ce2159f5-1b3c-438e-acb9-e6e61b597c71,5f7c0a15-2b79-4ca4-b320-136d9495d1f7,
9ffed847-1c74-4220-936d-c4ced74f4430,Birmingham-Southern,Panthers,BSC,,,,,cebd2176-c0ab-49d6-a98b-fd58048029b3,5f7c0a15-2b79-4ca4-b320-136d9495d1f7,c3bd6cc1-be60-47d7-8b5c-35aba27bd81e
3b35771a-7df6-46d9-b018-3ad0d43afda8,Berry College,Vikings,BERRY,,,,,cebd2176-c0ab-49d6-a98b-fd58048029b3,5f7c0a15-2b79-4ca4-b320-136d9495d1f7,
ad6bc890-d8ac-11ed-8008-21e6e877c549,Wabash,Little Giants,WABC,,,,,d57dc97d-1c5f-4783-9900-5f5958ded436,5f7c0a15-2b79-4ca4-b320-136d9495d1f7,
5057e06b-1f2a-49ec-87fd-af30ad27b6ef,DePauw,Tigers,DEPU,,,,,d57dc97d-1c5f-4783-9900-5f5958ded436,5f7c0a15-2b79-4ca4-b320-136d9495d1f7,ee154714-a546-40cf-9bd2-436df9ef4335
6e98e07c-0a7c-43f5-aeac-580f0bfe110e,Wittenberg,Tigers,WITT,,,,,d57dc97d-1c5f-4783-9900-5f5958ded436,5f7c0a15-2b79-4ca4-b320-136d9495d1f7,b8993a1d-e7d8-448d-932b-3405e03f4dea
4e1fc37e-1106-4a3a-aba6-70d311cf7c80,McMurry,War Hawks,MCM,,,,,fb267c5d-cfce-41ca-b67f-8ba05d687961,5f7c0a15-2b79-4ca4-b320-136d9495d1f7,
fa28c870-d148-11ec-8af1-3598bba809d8,La Verne,Leopards,LAVU,1891.0,,,,fff9432f-ae89-423a-8e0f-72a4562fe236,5f7c0a15-2b79-4ca4-b320-136d9495d1f7,
3522e1d5-7dc6-4586-a14f-276f56e0c60e,Bucknell,Bison,BUCK,1846.0,Bucky the Bison,ray Bucknell,0.0,034e3dea-6190-45d6-8dc6-ca52ba2d65c0,6457fab7-b7f1-4f6b-84be-cd713e36070d,eeee7a86-39bc-4f36-bdfe-f1cf2d45d695
650f0a5a-9ef7-4098-ac9d-42b3645646c4,Holy Cross,Crusaders,HC,1843.0,The Crusader,Chu! Chu! Rah! Rah!,0.0,034e3dea-6190-45d6-8dc6-ca52ba2d65c0,6457fab7-b7f1-4f6b-84be-cd713e36070d,2455f74e-619f-4082-bd63-dd40d3ab8939
bafc0723-5b94-41da-9212-ac368281659c,Georgetown,Hoyas,GTWN,1789.0,Jack the Bulldog,There Goes Old Georgetown,0.0,034e3dea-6190-45d6-8dc6-ca52ba2d65c0,6457fab7-b7f1-4f6b-84be-cd713e36070d,1e439032-b016-41ea-aade-5ed8e262a158
e7805203-b88d-42f2-8d9b-dd66b1b8ae3d,Lafayette,Leopards,LAF,1832.0,The Leopard,"Oh, Lafayette!",3.0,034e3dea-6190-45d6-8dc6-ca52ba2d65c0,6457fab7-b7f1-4f6b-84be-cd713e36070d,6742d0e4-472c-4433-ad70-5bc594e663b2
8bea15d4-278d-4578-a7b4-dcf3af54c334,Lehigh,Mountain Hawks,LEH,1865.0,Clutch the Mountain Hawk,Rearing Tearing,0.0,034e3dea-6190-45d6-8dc6-ca52ba2d65c0,6457fab7-b7f1-4f6b-84be-cd713e36070d,50c440c1-392b-46b0-9afa-b1f85a121292
84a2e6d9-1c1b-47f0-ba71-10dc03f05a0f,Colgate,Raiders,COLG,1819.0,Raider,"Fight, Fight, Fight",0.0,034e3dea-6190-45d6-8dc6-ca52ba2d65c0,6457fab7-b7f1-4f6b-84be-cd713e36070d,9cc873d5-0773-4138-9ac4-60d48bc86993
f4593f19-1082-4238-b519-09faadbeca37,Fordham,Rams,FOR,1841.0,The Ram,Hail Rams of Fordham,0.0,034e3dea-6190-45d6-8dc6-ca52ba2d65c0,6457fab7-b7f1-4f6b-84be-cd713e36070d,5e4db3ce-14b1-4c91-a87e-850d62e83c96
05639ea0-a3e6-4d56-b257-366545b0ff4d,Richmond,Spiders,RICH,1830.0,The Spider,Spider Born,1.0,034e3dea-6190-45d6-8dc6-ca52ba2d65c0,6457fab7-b7f1-4f6b-84be-cd713e36070d,9800a7e4-6a2a-4a93-b505-e214acf5a1fd
218752b3-df1a-4899-bc70-653ea15038ed,New Haven,Chargers,NHC,1920.0,Charlie the Charger,The University of New Haven Fight Song,0.0,29c942eb-1c30-4314-a6d7-305aaffab269,6457fab7-b7f1-4f6b-84be-cd713e36070d,8e0053f0-37e5-11f0-843f-cf0185c14b32
c4f1932a-16ec-45b7-a321-38acef929d03,Sacred Heart,Pioneers,SHU,1963.0,Big Red,Pioneer Fight Song,1.0,29c942eb-1c30-4314-a6d7-305aaffab269,6457fab7-b7f1-4f6b-84be-cd713e36070d,234af578-a93e-41b4-a19b-6a1a08a477bf
5490b68d-5834-47d8-bddc-d78005b917f1,Merrimack,Warriors,MRMK,1947.0,Mack the Warrior ,Down in the Valley of Victory,0.0,29c942eb-1c30-4314-a6d7-305aaffab269,6457fab7-b7f1-4f6b-84be-cd713e36070d,516e0622-0fff-440e-8dd8-3bf49317b4bf
5cecc23b-cb18-49f2-85ef-3717063e9dca,Incarnate Word,Cardinals,IW,1881.0,Red the Cardinal,Cardinal Fight,0.0,499f3a80-13bc-4efa-8297-02a3383bb620,6457fab7-b7f1-4f6b-84be-cd713e36070d,045f05d7-482d-46c8-9229-ce1607726499
8109f68e-0caa-4dab-92fe-eb862c6e39c5,Lamar,Cardinals,LAM,1923.0,Cardinal,Cardinals Fight!,0.0,499f3a80-13bc-4efa-8297-02a3383bb620,6457fab7-b7f1-4f6b-84be-cd713e36070d,09ba5fa0-d18e-4b74-9868-42b42a6e478b
deea4446-2bee-4144-96bc-9f1e8ccceee8,Nicholls State,Colonels,NICH,1948.0,Colonel Tillou,Nicholls State Colonels Fight Song,0.0,499f3a80-13bc-4efa-8297-02a3383bb620,6457fab7-b7f1-4f6b-84be-cd713e36070d,00828546-ccd4-4f57-89b5-3ceeee59b6df
efc41557-a738-43fa-9519-8fd0734923f9,McNeese,Cowboys,MCNS,1939.0,Rowdy,On Mcneese,0.0,499f3a80-13bc-4efa-8297-02a3383bb620,6457fab7-b7f1-4f6b-84be-cd713e36070d,3b67f1a4-3e83-4950-9fca-02fb13c078ec
3d32a14a-55e7-429a-9f6f-39aac5955191,Northwestern State,Demons,NWST,1884.0,Vic the Demon,Northwestern Fight,0.0,499f3a80-13bc-4efa-8297-02a3383bb620,6457fab7-b7f1-4f6b-84be-cd713e36070d,1bde83ae-ee04-45fe-8107-be2a3329f658
0cbc0bb6-596a-49da-a1cb-bfa42b5fcb56,Houston Christian,Huskies,HCU,1960.0,"Wakiza III, Mingo",HCU Fight Song,0.0,499f3a80-13bc-4efa-8297-02a3383bb620,6457fab7-b7f1-4f6b-84be-cd713e36070d,cb9b2edd-bb4d-4011-9cce-59bebb202567
2ffd2c8c-9100-46d1-8d33-6e154b0527fc,Southeastern Louisiana,Lions,SELA,1925.0,Roomie the Lion,Cheer for Southeastern,0.0,499f3a80-13bc-4efa-8297-02a3383bb620,6457fab7-b7f1-4f6b-84be-cd713e36070d,c6323dc8-9582-4a87-8c37-2ffb2a5fb548
c5dea9dd-3129-40e9-ba3d-363f9411a30e,East Texas A&M,Lions,ETAM,1889.0,Lucky the Lion,Texas A&M-Commerce Fight Song,0.0,499f3a80-13bc-4efa-8297-02a3383bb620,6457fab7-b7f1-4f6b-84be-cd713e36070d,8f6b8140-d093-11ec-aa74-eb41e9aa12d5
52f28fe6-2823-4f26-80ce-605a04e624da,Stephen F. Austin,Lumberjacks,SFA,1917.0,The Lumberjack,SFA Fight Song,0.0,499f3a80-13bc-4efa-8297-02a3383bb620,6457fab7-b7f1-4f6b-84be-cd713e36070d,c9cc8ec0-a9e8-4be2-846b-79de29d043e9
e9c96540-09a1-11f0-9dc6-ad27af2cf889,UT Rio Grande Valley,Vaqueros,UTRGV,2013.0,The Vaquero,Go Vaqueros!,0.0,499f3a80-13bc-4efa-8297-02a3383bb620,6457fab7-b7f1-4f6b-84be-cd713e36070d,be5c0920-09a2-11f0-961a-8d88533365c4
8a7fc6b5-bd34-4b66-8e08-8e6562b9248d,Morgan State,Bears,MORG,1867.0,Benny the Bear,Fight On 'ole Morgan Grizzly,0.0,6973b296-7d94-4d07-9f83-c9576b315f91,6457fab7-b7f1-4f6b-84be-cd713e36070d,9da871ce-5fc2-4d50-a1ba-396cf2c0ab47
6923fb41-a948-466b-becf-eafb33cc75f9,Howard,Bison,HOW,1867.0,Bison,Howard Fight Song,0.0,6973b296-7d94-4d07-9f83-c9576b315f91,6457fab7-b7f1-4f6b-84be-cd713e36070d,f1884d2a-7d8e-447d-9b25-aea36acf018a
7b5a4b0e-d443-469e-8639-a27f8a3b5d55,South Carolina State,Bulldogs,SCST,1898.0,Spike,Bulldog Fight Song,0.0,6973b296-7d94-4d07-9f83-c9576b315f91,6457fab7-b7f1-4f6b-84be-cd713e36070d,2b073e9c-dac3-49bc-a563-0a2bd10f802c
f8e7c5f8-5865-4e7c-b221-c88a464f8f28,North Carolina Central,Eagles,NCCU,1910.0,Eddie the Eagle,Dear Old N.C.C.,0.0,6973b296-7d94-4d07-9f83-c9576b315f91,6457fab7-b7f1-4f6b-84be-cd713e36070d,ae3177a3-ec09-4fc6-b020-d2d1de8aa385
fce005d9-c29b-4f9c-836b-92a25e765f28,Delaware State,Hornets,DSU,1891.0,Too Fly,DSU Fight Song,0.0,6973b296-7d94-4d07-9f83-c9576b315f91,6457fab7-b7f1-4f6b-84be-cd713e36070d,c95d10be-13cd-47fc-82ad-4566ccb64a69
dde53ce9-ee62-44e6-98c5-060a9a97bd10,Norfolk State,Spartans,NORF,1935.0,Spiro,Norfolk State,0.0,6973b296-7d94-4d07-9f83-c9576b315f91,6457fab7-b7f1-4f6b-84be-cd713e36070d,6437aa6e-05ad-469a-acc2-2ab4d07a5d1f
0a05210a-81f7-4d04-80e5-4ba6ee748ccd,North Dakota State,Bison,NDSU,1890.0,Thundar,On Bison,10.0,74a45343-e6fa-4b5d-94f0-555d8579d2c3,6457fab7-b7f1-4f6b-84be-cd713e36070d,15f6fe46-e622-413a-9646-45a6dd0b152d
0a2ac5e2-3a44-4ced-ac1e-5089fcbacf92,South Dakota,Coyotes,SDAK,1862.0,Charlie Coyote,"Hail, South Dakota!",0.0,74a45343-e6fa-4b5d-94f0-555d8579d2c3,6457fab7-b7f1-4f6b-84be-cd713e36070d,d3bf4037-27bb-452c-a12b-40f8f7cf7692
9cdcab2b-d599-44dd-9939-c4e6d59587cb,North Dakota,Fighting Hawks,UND,1883.0,The Fighting Hawk,"Fight On Sioux- It's For You, North Dakota U",0.0,74a45343-e6fa-4b5d-94f0-555d8579d2c3,6457fab7-b7f1-4f6b-84be-cd713e36070d,858937fb-e240-451f-aefd-8c67d6c5c4da
47e6bd48-6207-4316-9b89-f1cfef889746,South Dakota State,Jackrabbits,SDST,1881.0,Jack Rabbit,Ring the Bell,2.0,74a45343-e6fa-4b5d-94f0-555d8579d2c3,6457fab7-b7f1-4f6b-84be-cd713e36070d,10ba2f54-7582-4b14-93eb-632a5d795ada
5b790142-1e09-40cd-b06a-4c2e85893698,Northern Iowa,Panthers,UNI,1876.0,TC/TK Panther,UNI FIght,0.0,74a45343-e6fa-4b5d-94f0-555d8579d2c3,6457fab7-b7f1-4f6b-84be-cd713e36070d,ecfb1814-130b-4c81-bb05-59b86ea0ec9c
868731af-6062-409f-841d-73e6f8ec3b99,Youngstown State,Penguins,YSU,1908.0,Pete the Penguin,Wave for the Red and White,4.0,74a45343-e6fa-4b5d-94f0-555d8579d2c3,6457fab7-b7f1-4f6b-84be-cd713e36070d,fe031dbb-9316-4fbb-96bd-8853d0013f7f
3a4f3861-0fb8-42e0-93b5-8fd41fa82192,Murray State,Racers,MURR,1922.0,"Racer One, Dunker",The Old Grey Mare,0.0,74a45343-e6fa-4b5d-94f0-555d8579d2c3,6457fab7-b7f1-4f6b-84be-cd713e36070d,da18a0c0-6101-4a8d-a3de-b4af81f57d57
e0f7a166-aa14-4979-9d7d-44f36c1e13a6,Illinois State,Redbirds,ILST,1857.0,Reggie Redbirds,"Go, You Redbirds",0.0,74a45343-e6fa-4b5d-94f0-555d8579d2c3,6457fab7-b7f1-4f6b-84be-cd713e36070d,f4b3abb2-ffd0-4220-ae33-e19812e61df0
3ef463a9-30ac-42a6-ab8c-ce34fb66ca79,Southern Illinois,Salukis,SIU,1869.0,Saluki,"Go, Southern, Go",1.0,74a45343-e6fa-4b5d-94f0-555d8579d2c3,6457fab7-b7f1-4f6b-84be-cd713e36070d,1472ca0e-fb16-46d7-88ef-2996ea5a2cdf
24215f91-06e7-4d28-addf-10e499c15db2,Indiana State,Sycamores,INST,1865.0,Sycamore Sam,March On!,0.0,74a45343-e6fa-4b5d-94f0-555d8579d2c3,6457fab7-b7f1-4f6b-84be-cd713e36070d,472a7c0f-54dd-422b-8aea-33599247e875
b38454be-5f7b-4da0-915e-f5ec909e6fa0,North Carolina A&T,Aggies,NCAT,1891.0,Aggie Dawg,Old Aggie Spirit ,0.0,7a56b889-96ba-4ec2-8fe0-0b2091ff05ac,6457fab7-b7f1-4f6b-84be-cd713e36070d,acb633c4-e7e7-4ee1-b539-07b05a2ac5d4
5ce8eec9-67a2-4993-8897-6faaa4d28f94,Maine,Black Bears,ME,1865.0,Bananas T. Bear,Maine Stein Song / For Maine!,0.0,7a56b889-96ba-4ec2-8fe0-0b2091ff05ac,6457fab7-b7f1-4f6b-84be-cd713e36070d,fc8647ca-2960-4700-9ab1-225a3db4011b
43838b74-5606-4a4c-b8bb-9e6072e45031,Bryant,Bulldogs,BRY,1863.0,Tupper the Bulldog ,Bryant Fight ,0.0,7a56b889-96ba-4ec2-8fe0-0b2091ff05ac,6457fab7-b7f1-4f6b-84be-cd713e36070d,531ce6e2-b293-4fce-aedb-7fdf5f99c622
52b8ad3d-67ba-45dc-ada8-a6a40844c56c,Campbell,Fighting Camels,CAMP,1887.0,Gaylord and Gladys,Campbell University Fight Song,0.0,7a56b889-96ba-4ec2-8fe0-0b2091ff05ac,6457fab7-b7f1-4f6b-84be-cd713e36070d,135fc158-e358-41da-b649-044e25bf1a48
d89b5e61-f3e4-4cf5-98c1-f7e0ec9a76ab,University at Albany,Great Danes,ALBY,1844.0,Damien ,Purple and Gold,0.0,7a56b889-96ba-4ec2-8fe0-0b2091ff05ac,6457fab7-b7f1-4f6b-84be-cd713e36070d,fb8c43b6-23ba-4cd8-8492-cee476692fb0
a5431871-5205-4288-bb00-72fc0360523d,Monmouth,Hawks,MONM,1933.0,Shadow,Fight For Dear Old Monmouth,0.0,7a56b889-96ba-4ec2-8fe0-0b2091ff05ac,6457fab7-b7f1-4f6b-84be-cd713e36070d,dd6f71f4-e2e1-48a1-a83c-e35b1798c881
882d5415-fa65-40a0-9cdf-afe51ca30ce0,Elon,Phoenix,ELON,1889.0,The Phoenix ,Elon Fight Song,0.0,7a56b889-96ba-4ec2-8fe0-0b2091ff05ac,6457fab7-b7f1-4f6b-84be-cd713e36070d,893fbf31-71ec-4552-a27e-d6df4ba0a07f
55da9c15-db47-49d1-9a39-78ef11f2051b,Hampton,Pirates,HAMP,1868.0,Pete,Hampton Fight Song ,0.0,7a56b889-96ba-4ec2-8fe0-0b2091ff05ac,6457fab7-b7f1-4f6b-84be-cd713e36070d,0dd407aa-6083-4493-ba33-eb6d64f672fb
50767f7e-8543-4b94-b2b7-486ea647b5c1,Rhode Island,Rams,URI,1892.0,Rhody the Ram,URI Fight Song,0.0,7a56b889-96ba-4ec2-8fe0-0b2091ff05ac,6457fab7-b7f1-4f6b-84be-cd713e36070d,d99130a4-d546-48ca-9c11-9ab2ffd3d00a
0fe698d9-b78e-4da5-bc92-c45d84671082,Stony Brook,Seawolves,STON,1957.0,Wolfie the Seawolf,Fight for Stony Brook,0.0,7a56b889-96ba-4ec2-8fe0-0b2091ff05ac,6457fab7-b7f1-4f6b-84be-cd713e36070d,052560ff-9d45-4618-b18f-31e50b923562
c4d1b382-e6a4-4fce-aae8-d0a6ec133e8c,Towson,Tigers,TOWS,1866.0,Doc,Hail Towson,0.0,7a56b889-96ba-4ec2-8fe0-0b2091ff05ac,6457fab7-b7f1-4f6b-84be-cd713e36070d,09decf19-d6de-4b37-ac2b-afbd2d38148d
00cbe6eb-c9c2-43d4-8158-6952066f0d2b,William & Mary,Tribe,WM,1693.0,The Griffin,Tribe Fight Song,0.0,7a56b889-96ba-4ec2-8fe0-0b2091ff05ac,6457fab7-b7f1-4f6b-84be-cd713e36070d,918b60f0-e45e-4c3c-84c2-8d9fd84847e1
158b2ba8-ca8f-429e-b2e1-053ada5bf469,New Hampshire,Wildcats,UNH,1866.0,Wild E. Cat,On To Victory ,0.0,7a56b889-96ba-4ec2-8fe0-0b2091ff05ac,6457fab7-b7f1-4f6b-84be-cd713e36070d,ad6f50cd-739b-45e2-bb1d-67910164f848
2f75b2cd-5c06-4c39-a191-251c9a47376b,Villanova,Wildcats,VILL,1842.0,Will D. Cat,V for Villanova,0.0,7a56b889-96ba-4ec2-8fe0-0b2091ff05ac,6457fab7-b7f1-4f6b-84be-cd713e36070d,ed6b1088-7d94-4ad1-94b6-bfe7c9e47b34
2c40eb6f-f0ac-4d48-b47c-449efb705e6a,Charleston Southern,Buccaneers,CHSO,1964.0,Bucky the Buccaneer ,CSU Victory ,0.0,84a842c1-e82f-11ed-b016-0fa2d9c64913,6457fab7-b7f1-4f6b-84be-cd713e36070d,afc5d3d3-d289-4de8-b21f-8bfae00f9218
86fd55fa-3c1e-4dbe-beee-1853dbc88900,Tennessee Tech,Golden Eagles,TNTC,1915.0,Awesome Eagle ,Tech Fight Song ,0.0,84a842c1-e82f-11ed-b016-0fa2d9c64913,6457fab7-b7f1-4f6b-84be-cd713e36070d,1e33fb1a-150c-42c3-afd1-58187795e651
2516eb07-9a48-436c-b8ee-c14eae88a310,Western Illinois,Leathernecks,WIU,,"Colonel Rock, Rocky",We're Marching On,0.0,84a842c1-e82f-11ed-b016-0fa2d9c64913,6457fab7-b7f1-4f6b-84be-cd713e36070d,a675588d-6ff5-4406-a4a2-ad906ba02a59
d123c57b-846b-431a-a211-0decf17f0e62,Lindenwood,Lions,LINW,1832.0,Leo the Lion ,Lindenwood Fight Song ,0.0,84a842c1-e82f-11ed-b016-0fa2d9c64913,6457fab7-b7f1-4f6b-84be-cd713e36070d,336d8e20-d141-11ec-964e-5f6a3627b671
c33dd300-2cc3-4a53-ab01-be4d65c74e1e,Eastern Illinois,Panthers,EIU,1895.0,Billy the Panther ,Eastern State March ,0.0,84a842c1-e82f-11ed-b016-0fa2d9c64913,6457fab7-b7f1-4f6b-84be-cd713e36070d,2cb6944f-9387-4c01-a871-36e447f72ec0
4eb165ff-ebe8-4a9e-8a57-34ec90f112e4,Southeast Missouri State,Redhawks,SEMO,1873.0,Rowdy the Redhawk,SEMO Fight Song ,0.0,84a842c1-e82f-11ed-b016-0fa2d9c64913,6457fab7-b7f1-4f6b-84be-cd713e36070d,381d6495-10ff-403b-9838-64e495422fee
c6ce892d-c14d-44cd-ad3a-7d4ed60ee1f9,Gardner-Webb,Runnin' Bulldogs,WEBB,1905.0,Mac and Lulu,GWU Fight Song ,0.0,84a842c1-e82f-11ed-b016-0fa2d9c64913,6457fab7-b7f1-4f6b-84be-cd713e36070d,ba1f57a5-1fc2-4803-b42f-5cc4cfd38fc7
90d576f6-50f9-42bc-aa31-92bfd0597cb1,Tennessee-Martin,Skyhawks,UTM,1927.0,Captain Skyhawk ,Skyhawk Fight Song ,0.0,84a842c1-e82f-11ed-b016-0fa2d9c64913,6457fab7-b7f1-4f6b-84be-cd713e36070d,56c4d79b-5700-4a82-84dd-01a3a400a33b
bd9c2213-ffd1-4009-aa75-37f5bdfc4f03,Tennessee State,Tigers,TNST,1912.0,Aristocat the Tiger ,I'm So Glad ,0.0,84a842c1-e82f-11ed-b016-0fa2d9c64913,6457fab7-b7f1-4f6b-84be-cd713e36070d,74d2b383-1122-4b5e-ac70-5c0391d5e760
15828630-7d0d-4ac5-8707-915879a90943,UC Davis,Aggies,UCD,1905.0,Gunrock the Mustang ,Aggie Fight ],0.0,8fd1a800-657d-4391-ab1d-6abdd05645cc,6457fab7-b7f1-4f6b-84be-cd713e36070d,ef6e4242-101e-44d9-b2c4-e93eb9e6ebf7
a3d9d315-cbf9-44bd-bfcc-b91e756ac5f2,Northern Colorado,Bears,UNCO,1889.0,Klaws the Bear ,UNC Fight Song ,0.0,8fd1a800-657d-4391-ab1d-6abdd05645cc,6457fab7-b7f1-4f6b-84be-cd713e36070d,606f67de-9b12-49ba-9921-6872f60c0b4b
6b77703c-545d-4c17-a4bb-1fd0bf715257,Idaho State,Bengals,IDST,,Benny the Bengal ,"Growl, Bengals, Growl",1.0,8fd1a800-657d-4391-ab1d-6abdd05645cc,6457fab7-b7f1-4f6b-84be-cd713e36070d,e9610cd6-737a-4d81-aa20-5f73c91b4d5b
fefae711-b307-4fd4-b0d2-c9df51f5ae1c,Montana State,Bobcats,MTST,1893.0,Champ,Stand Up and Cheer ,2.0,8fd1a800-657d-4391-ab1d-6abdd05645cc,6457fab7-b7f1-4f6b-84be-cd713e36070d,bfb51732-111d-4d65-8025-4082d0d9c40f
414c082c-c3b2-467f-b37d-0f08804a0f60,Eastern Washington,Eagles,EWU,1882.0,Swoop ,"Go, Eagles, Go, ",1.0,8fd1a800-657d-4391-ab1d-6abdd05645cc,6457fab7-b7f1-4f6b-84be-cd713e36070d,61b61700-a5e3-4f72-9cce-e0e6c3e652fa
465236db-280e-49a6-9575-feb4ca20b9b4,Montana,Grizzlies,MONT,1893.0,Monte ,Up With Montana,2.0,8fd1a800-657d-4391-ab1d-6abdd05645cc,6457fab7-b7f1-4f6b-84be-cd713e36070d,7a2b539f-3476-4822-ad1d-5d25bb105c98
a4519544-6513-4ed9-bc6b-3b8c415530c3,Sacramento State,Hornets,SAC,1947.0,Herky the Hornet ,"Fight, Hornet, Fight ",0.0,8fd1a800-657d-4391-ab1d-6abdd05645cc,6457fab7-b7f1-4f6b-84be-cd713e36070d,cc5d3edd-43bd-4bc5-bc70-569039ba27d1
9019d9cc-d8e7-4241-99f3-9a335b2aabbc,Northern Arizona,Lumberjacks,NAU,1899.0,Louie the Lumberjack,NAU Fight Song ,0.0,8fd1a800-657d-4391-ab1d-6abdd05645cc,6457fab7-b7f1-4f6b-84be-cd713e36070d,1b40f19c-f22b-49eb-ae27-d22af57da163
ff330f91-bacc-4c43-b14e-604c58115ebd,Cal Poly,Mustangs,CP,1901.0,Musty the Mustang,"Ride High, You Mustangs",0.0,8fd1a800-657d-4391-ab1d-6abdd05645cc,6457fab7-b7f1-4f6b-84be-cd713e36070d,8ec1da62-b19b-41f8-8ca7-713ff86bbbdf
987bccc6-f5c6-45a2-b0a5-a25702e5c3d5,Idaho,Vandals,IDHO,1889.0,Joe Vandal ,"Go, Vandals, Go ",0.0,8fd1a800-657d-4391-ab1d-6abdd05645cc,6457fab7-b7f1-4f6b-84be-cd713e36070d,2bb41430-e8e0-45d8-81a4-a6e71cc21808
1e3f5ade-a73e-44d5-a042-0a32f291d6f4,Portland State,Vikings,PRST,1946.0,Victor E. Viking ,PSU Fight Song ,0.0,8fd1a800-657d-4391-ab1d-6abdd05645cc,6457fab7-b7f1-4f6b-84be-cd713e36070d,9c949dc9-c50d-4231-91b2-8b8d9a56e26e
5a1b9269-0c98-48cc-9d0a-1692b9f52d0b,Weber State,Wildcats,WEB,1889.0,Waldo the Wildcat ,Weber State Fight Song ,0.0,8fd1a800-657d-4391-ab1d-6abdd05645cc,6457fab7-b7f1-4f6b-84be-cd713e36070d,86c4e866-984f-402f-b880-02b6b6f82cdb
0c59b9f5-6261-4aec-a491-d5a6a53f3e50,Alcorn State,Braves,ALCN,1871.0,Bravehawk,Alcorn Ode,0.0,9a657291-adc4-4a55-8e94-a2063d4b03c5,6457fab7-b7f1-4f6b-84be-cd713e36070d,3d228bd3-ae40-4110-a5c7-2f334d9f9551
56ba7533-3ea8-4ae9-a192-3ea51a7b0b90,Alabama A&M,Bulldogs,AAMU,1875.0,Bruiser,AAMU Fight Song,0.0,9a657291-adc4-4a55-8e94-a2063d4b03c5,6457fab7-b7f1-4f6b-84be-cd713e36070d,1b5436cb-a4b1-4d13-80e4-28cb2252e75c
2d2b2690-4c17-4acb-ae39-044b36f14758,Mississippi Valley State,Delta Devils,MVSU,1950.0,Devil,Devil's Gun ,0.0,9a657291-adc4-4a55-8e94-a2063d4b03c5,6457fab7-b7f1-4f6b-84be-cd713e36070d,688d7140-e875-4a8a-a4f9-31fdc70bd864
073da9d4-85ed-4d25-8834-c71e573838b2,Arkansas-Pine Bluff,Golden Lions,ARPB,1873.0,The Lion,UAPB Fight Song,0.0,9a657291-adc4-4a55-8e94-a2063d4b03c5,6457fab7-b7f1-4f6b-84be-cd713e36070d,501b239c-8519-4688-a7a1-06f71c155ce8
d8c41c53-e302-4425-b95d-532bdbf868a2,Alabama State,Hornets,ALST,1867.0,Stinger,Hail Alabama,0.0,9a657291-adc4-4a55-8e94-a2063d4b03c5,6457fab7-b7f1-4f6b-84be-cd713e36070d,2ed50595-91c3-4a8a-95a9-961a65cefdf2
b01ba890-a0d2-4b04-a607-a2fc2f5fce86,Southern University,Jaguars,SOU,1880.0,Lacumba ,Southern University Fight Song,0.0,9a657291-adc4-4a55-8e94-a2063d4b03c5,6457fab7-b7f1-4f6b-84be-cd713e36070d,4dcc4dda-325b-42e2-91e8-65e3c37d43d0
d70a06f4-b708-447b-b05a-f518695cda42,Prairie View A&M,Panthers,PV,1876.0,Black Panther ,Cheer for Prairie View ,0.0,9a657291-adc4-4a55-8e94-a2063d4b03c5,6457fab7-b7f1-4f6b-84be-cd713e36070d,b45fc803-5d7d-486f-bac4-8ae590b33a07
184584ac-2cee-4c66-b207-552fe3dc94ab,Florida A&M,Rattlers,FAMU,1887.0,The Rattler,Get Up For the Rattlers,0.0,9a657291-adc4-4a55-8e94-a2063d4b03c5,6457fab7-b7f1-4f6b-84be-cd713e36070d,0a94e33e-0261-4dad-ace3-28e7341a09ba
d7a03859-f629-4b91-af0a-3bd86a6a3e7f,Jackson State,Tigers,JKST,1877.0,Wavee Dave ,Cheer Boys ,0.0,9a657291-adc4-4a55-8e94-a2063d4b03c5,6457fab7-b7f1-4f6b-84be-cd713e36070d,c0322705-8ba8-44da-b1ad-eada7ea73606
f5682334-edd4-42ef-a4fb-5a1474875b9b,Grambling State,Tigers,GRAM,1901.0,The Tiger,Fight for Dear Old Grambling,0.0,9a657291-adc4-4a55-8e94-a2063d4b03c5,6457fab7-b7f1-4f6b-84be-cd713e36070d,fe8afae1-3d24-4a52-bc62-f290a08f9a8f
f9ae197b-be07-4c7b-9149-2e134cf4b677,Texas Southern,Tigers,TXSO,1927.0,Tex the Tiger,Tiger Fight Song,0.0,9a657291-adc4-4a55-8e94-a2063d4b03c5,6457fab7-b7f1-4f6b-84be-cd713e36070d,bd84c6aa-cafb-4ecf-b21f-44253c99c854
a7077ca3-a4e4-427d-9c8a-c16b9dcb3472,Bethune-Cookman,Wildcats,COOK,1904.0,Wil D Cat,Let's Go Wildcats,0.0,9a657291-adc4-4a55-8e94-a2063d4b03c5,6457fab7-b7f1-4f6b-84be-cd713e36070d,7766efa3-930f-46ed-a6c1-d389a26a6059
b1a9ddff-373c-43f1-a562-8c7a235d54ab,Central Arkansas,Bears,CARK,1907.0,"Bruce D. Bear, Sugar Bear",UCA Fight,0.0,9ff5f231-e383-11ed-951e-a5f529384569,6457fab7-b7f1-4f6b-84be-cd713e36070d,a8b67cd8-c0b6-4a5c-be95-bf7635e6e372
3d924b68-94e8-497d-bcbb-37eef4ff911f,Eastern Kentucky,Colonels,EKY,1874.0,The Colonel,"Hail, Hail, Eastern Maroons!",2.0,9ff5f231-e383-11ed-951e-a5f529384569,6457fab7-b7f1-4f6b-84be-cd713e36070d,12f36dc5-090d-413c-8330-da761d3a1bcb
e2a2c23d-3d8d-4f9e-9bed-8a432071f1a7,Austin Peay,Governors,PEAY,1927.0,The Governor,Smash! Bang!,0.0,9ff5f231-e383-11ed-951e-a5f529384569,6457fab7-b7f1-4f6b-84be-cd713e36070d,d71ffd36-8ca9-4c1e-a7ed-7d509b61ad40
917a7888-4be2-4ad5-912d-32f79af931c4,North Alabama,Lions,UNA,1830.0,"Leo III, Una",Go! Fight! U-N-A!,0.0,9ff5f231-e383-11ed-951e-a5f529384569,6457fab7-b7f1-4f6b-84be-cd713e36070d,f487277a-2c74-49ae-840d-5edee2ec5e88
ed05b9d3-0086-49bb-9ea5-329ab0d0729b,Tarleton State,Texans,TARL,1896.0,The Texan Rider,On Ye Tarleton,0.0,9ff5f231-e383-11ed-951e-a5f529384569,6457fab7-b7f1-4f6b-84be-cd713e36070d,dcfa24e5-a53e-4cae-92e6-d31497c5610b
65736666-38a3-4737-9bea-785641533719,Southern Utah,Thunderbirds,SUU,1897.0,The Thunderbird,The Great SUU,0.0,9ff5f231-e383-11ed-951e-a5f529384569,6457fab7-b7f1-4f6b-84be-cd713e36070d,1f952732-5c7b-459c-9bcb-62e8a41072ef
91d73565-e7a5-492d-9b2d-0201fb2be141,Utah Tech,Trailblazers,UTU,1911.0,Brooks the Bison,Trailblazer Fight Song,0.0,9ff5f231-e383-11ed-951e-a5f529384569,6457fab7-b7f1-4f6b-84be-cd713e36070d,4a21866f-9c31-41b9-b6a2-4a428937725e
c556a8d0-3c67-4a02-a3ba-2e74398ba3f2,Abilene Christian,Wildcats,AC,1906.0,Willie the Wildcat,"Oh, Dear Christian College",0.0,9ff5f231-e383-11ed-951e-a5f529384569,6457fab7-b7f1-4f6b-84be-cd713e36070d,74af64e1-e917-4e05-9202-7851ca1d41dc
25c0eb2d-d8a8-45e5-85ec-fcb99f6c655c,West Georgia,Wolves,UWGA,1906.0,Wolfie,Red & Blue,0.0,9ff5f231-e383-11ed-951e-a5f529384569,6457fab7-b7f1-4f6b-84be-cd713e36070d,cb09c850-f5d1-11ee-b33c-71ef7fcf8522
cc1b918c-1523-4412-8b1e-2219d88f11b8,Mercer,Bears,MER,1833.0,Toby ,Mercer Fight Song,0.0,a15aa3a4-6fc3-4a25-be98-d0059836a060,6457fab7-b7f1-4f6b-84be-cd713e36070d,b6893998-4d68-45d8-b7df-da763712f785
d5a80ec8-0cdb-401e-a68b-a646d30b3554,East Tennessee State,Buccaneers,ETSU,1911.0,Bucky,Fight! Fight! Fight! ,0.0,a15aa3a4-6fc3-4a25-be98-d0059836a060,6457fab7-b7f1-4f6b-84be-cd713e36070d,08e95644-d50a-493d-9656-415755473068
98f25c6f-f79c-447b-8131-700f826d388a,Samford,Bulldogs,SAM,1841.0,Rex,Samford Fight Song ,0.0,a15aa3a4-6fc3-4a25-be98-d0059836a060,6457fab7-b7f1-4f6b-84be-cd713e36070d,5a02f5d8-090b-4978-9f2f-94af2f596652
f049d124-7d8f-4259-b257-ad154c4d5964,The Citadel,Bulldogs,CIT,1842.0,G3,The Fight Light Brigade ,0.0,a15aa3a4-6fc3-4a25-be98-d0059836a060,6457fab7-b7f1-4f6b-84be-cd713e36070d,f261d250-4700-44c5-bc5a-7e89ebc58753
8c01427f-021a-449f-8fc8-e8c6ed01f340,Western Carolina,Catamounts,WCU,1889.0,Paws ,Fight On You Catamounts ,0.0,a15aa3a4-6fc3-4a25-be98-d0059836a060,6457fab7-b7f1-4f6b-84be-cd713e36070d,93c6c4a4-df15-49fc-b354-50c1ebeadd98
828f719f-d208-4c23-b69a-8db47318a7a8,VMI,Keydets,VMI,1839.0,Kangaroo (Moe) ,The Spirit ,0.0,a15aa3a4-6fc3-4a25-be98-d0059836a060,6457fab7-b7f1-4f6b-84be-cd713e36070d,a78d5fd9-77a3-4ccd-9d63-746331e1f192
0d04c99b-4ff5-4cec-a172-e579a1f8f54a,Chattanooga,Mocs,CHAT,1886.0,Scrappy ,Fight Chattanooga ,0.0,a15aa3a4-6fc3-4a25-be98-d0059836a060,6457fab7-b7f1-4f6b-84be-cd713e36070d,f76228c1-8dad-47af-9faa-df14a019f545
8cf5c880-678f-400e-b4c2-04ae676ed538,Furman,Paladins,FUR,1826.0,Paladin Knight ,The Paladins Song ,1.0,a15aa3a4-6fc3-4a25-be98-d0059836a060,6457fab7-b7f1-4f6b-84be-cd713e36070d,be260b39-90e3-42b3-95d1-dfafd21b4c6c
46188043-b51d-41f5-9e76-b72ee3263ccc,Wofford,Terriers,WOF,1854.0,"Boss, Lil' Ruff ",Wofford Fight Song ,0.0,a15aa3a4-6fc3-4a25-be98-d0059836a060,6457fab7-b7f1-4f6b-84be-cd713e36070d,e0753c00-ecb8-4850-8db3-3e78484754a8
59d0852a-b283-4829-af63-60553fbafdeb,Valparaiso,Beacons,VALP,1859.0,Beacon and Blaze,Valpo's Fight Song,0.0,c320231c-eec0-4b9c-b09e-016280763cf2,6457fab7-b7f1-4f6b-84be-cd713e36070d,bda80157-308a-4156-9eb1-b1c6d204292f
a17404cf-ae20-4bff-bef5-24f70008b2e0,Presbyterian,Blue Hose,PRE,1880.0,Blue Hose ,"On, P.C.",0.0,c320231c-eec0-4b9c-b09e-016280763cf2,6457fab7-b7f1-4f6b-84be-cd713e36070d,898e9169-9370-4c2c-a4df-48dec30e89e0
0e06bfbe-01ef-414d-a6a7-53432f547586,Butler,Bulldogs,BUT,1855.0,Butler Blue,The Butler War Song,0.0,c320231c-eec0-4b9c-b09e-016280763cf2,6457fab7-b7f1-4f6b-84be-cd713e36070d,8f9364cc-6bcc-4fce-824b-4637d128e111
4b7ab0a0-c1e3-4a58-b679-77353e70a5eb,Drake,Bulldogs,DRKE,1881.0,Griff,D-Song,1.0,c320231c-eec0-4b9c-b09e-016280763cf2,6457fab7-b7f1-4f6b-84be-cd713e36070d,d80a63f2-ce57-4312-833d-72bf8ba6f1b5
28f2ce75-b0ca-4cd3-a313-379168b0da95,Morehead State,Eagles,MORE,1887.0,Beaker,"Fight, fight, fight for Morehead",0.0,c320231c-eec0-4b9c-b09e-016280763cf2,6457fab7-b7f1-4f6b-84be-cd713e36070d,cd3055c9-e9df-40c2-ba06-9bef851db7a5
a92d587c-2564-4935-a9e4-d26d6437c171,Dayton,Flyers,DAY,1850.0,Rudy Flyer,Victory,0.0,c320231c-eec0-4b9c-b09e-016280763cf2,6457fab7-b7f1-4f6b-84be-cd713e36070d,504ab3f4-f38f-4432-b955-4511585cbf67
018e079b-3848-49bf-8fc6-2d44bbc120a0,Stetson,Hatters,STET,1883.0,John B.,"Go, Hatters, Go!",0.0,c320231c-eec0-4b9c-b09e-016280763cf2,6457fab7-b7f1-4f6b-84be-cd713e36070d,adae8aa0-fbf4-4ebe-9cce-91db54bcff92
6c04ed00-92e9-40ae-8a83-c4733e81f2b3,Marist,Red Foxes,MRST,1929.0,Frankie the Red Fox,Marist Fight Song,0.0,c320231c-eec0-4b9c-b09e-016280763cf2,6457fab7-b7f1-4f6b-84be-cd713e36070d,02262823-9179-4687-a37a-a6b67149f0a4
36680161-4534-4723-bc72-84066a84ffe9,St. Thomas,Tommies,UST,1961.0,Tommie,St. Thomas Fight Song,0.0,c320231c-eec0-4b9c-b09e-016280763cf2,6457fab7-b7f1-4f6b-84be-cd713e36070d,91a0ac58-6cde-4525-9f20-97fc50206d91
3faf7dcc-91ed-4398-86ba-80122955315b,San Diego,Toreros,USD,1949.0,Diego Torero ,Fight Toreros!,0.0,c320231c-eec0-4b9c-b09e-016280763cf2,6457fab7-b7f1-4f6b-84be-cd713e36070d,da86c697-3c50-403f-b4ea-c750a815eccd
cb71f759-0c22-4be7-babe-3cb849fd1b5e,Davidson,Wildcats,DAV,1837.0,Lux the Wildcat,O Davidson,0.0,c320231c-eec0-4b9c-b09e-016280763cf2,6457fab7-b7f1-4f6b-84be-cd713e36070d,da5d65a0-13f3-11f0-b67f-c5fbebfc7bbc
3ed71f8c-b9ac-4984-955b-4284b0430cd2,Central Connecticut State,Blue Devils,CCSU,1849.0,Kizer,C.C.S.U. Victory,0.0,f8037397-7826-4ad9-a5d4-15868fae76df,6457fab7-b7f1-4f6b-84be-cd713e36070d,bdd846b5-b655-4ac5-b433-fa24a91f3fe5
c3938316-631f-41fb-8f89-2c566118228e,Robert Morris,Colonials,RMU,1921.0,RoMo,Go Colonials ,0.0,f8037397-7826-4ad9-a5d4-15868fae76df,6457fab7-b7f1-4f6b-84be-cd713e36070d,7552087d-9bab-4959-b92f-dc657441168c
5649d2fc-1e64-44ac-a0f2-9d96db4769e9,Duquesne,Dukes,DUQ,1878.0,Duke,The Victory Song,3.0,f8037397-7826-4ad9-a5d4-15868fae76df,6457fab7-b7f1-4f6b-84be-cd713e36070d,955798c7-03c4-4845-88a2-5d541a574580
d34ce724-84bd-40b0-974e-d455f9d96f3a,Mercyhurst,Lakers,MHU,1926.0,Luke the Laker,Mercyhurst University Fight Song,0.0,f8037397-7826-4ad9-a5d4-15868fae76df,6457fab7-b7f1-4f6b-84be-cd713e36070d,02ab9a20-f5cf-11ee-bc57-d309f4c8b514
d4e8867e-8465-451e-b196-5e152769f023,St. Francis (PA),Red Flash,SFPA,1847.0,Frankie the Friar ,Hail to the Red and White,0.0,f8037397-7826-4ad9-a5d4-15868fae76df,6457fab7-b7f1-4f6b-84be-cd713e36070d,309c734a-737c-45a7-af73-0a21857153fb
a676268a-159e-4625-bb5d-b3929c1f67f6,Wagner,Seahawks,WAG,,,,,f8037397-7826-4ad9-a5d4-15868fae76df,6457fab7-b7f1-4f6b-84be-cd713e36070d,68b3c28c-bef4-464c-9f58-7e0729df1ad3
b3eaa1b0-3e95-417d-80e8-77d3b93f23ac,LIU,Sharks,LIU,1926.0,The Shark,LIU Fight Song,0.0,f8037397-7826-4ad9-a5d4-15868fae76df,6457fab7-b7f1-4f6b-84be-cd713e36070d,f3197290-8930-4f56-ace1-5b6466f37301
642dacba-ddf7-4a1f-bcc8-72b0e6f74dc4,Stonehill,Skyhawks,STNH,,,,,f8037397-7826-4ad9-a5d4-15868fae76df,6457fab7-b7f1-4f6b-84be-cd713e36070d,8177e010-d13d-11ec-87b2-27dc91b1d2fb
b0708df4-2923-4756-8504-6a3bba7d70a6,Brown,Bears,BRWN,1764.0,Bruno,Ever True To Brown,0.0,f9da8a38-d704-4a62-83fd-22ad5758446b,6457fab7-b7f1-4f6b-84be-cd713e36070d,92f1be2e-7ee9-4beb-9c37-d09ca5a99cde
930bc744-6ac6-4164-8bf2-c4b46ccaad21,Dartmouth,Big Green,DART,1881.0,Big Green,As the Backs Go Tearing By,1.0,f9da8a38-d704-4a62-83fd-22ad5758446b,6457fab7-b7f1-4f6b-84be-cd713e36070d,7ad45037-8e51-4621-a4cf-6adeac11191e
e3ad753c-88b0-4ae9-b6c0-2f726e2ecc24,Cornell,Big Red,COR,1865.0,Touchdown,Fight For Cornell,5.0,f9da8a38-d704-4a62-83fd-22ad5758446b,6457fab7-b7f1-4f6b-84be-cd713e36070d,db57557c-d529-45cb-9f0b-fa3c8333a0ef
9f7a0ea2-afe0-4eae-b5de-3c31910c600a,Yale,Bulldogs,YALE,1701.0,Handsome Dan,Bull Dog,27.0,f9da8a38-d704-4a62-83fd-22ad5758446b,6457fab7-b7f1-4f6b-84be-cd713e36070d,d8668536-d43a-4090-b219-e6ab5b4a7f3c
30919b0c-7316-414f-a393-7151252438cb,Harvard,Crimson,HARV,1636.0,"John Harvard, the Pilgrim",Ten Thousand Men of Harvard,7.0,f9da8a38-d704-4a62-83fd-22ad5758446b,6457fab7-b7f1-4f6b-84be-cd713e36070d,fe2fd664-2e9b-4a54-a36d-f62ba0452334
99c8011a-35c8-49d9-8ae7-36386b8a4e23,Columbia,Lions,CLMB,,Roar-ee the Lion,"Roar, Lion, Roar",2.0,f9da8a38-d704-4a62-83fd-22ad5758446b,6457fab7-b7f1-4f6b-84be-cd713e36070d,05fc0963-56ee-473f-887b-f3af6497cb18
44c0deff-f542-4afe-a5c7-43df3bd51d5b,Penn,Quakers,PENN,1740.0,Quaker,"Fight On, Pennsylvania",7.0,f9da8a38-d704-4a62-83fd-22ad5758446b,6457fab7-b7f1-4f6b-84be-cd713e36070d,dc45096d-e494-4c1f-adbd-6dd4ec6161f1
fbd30b5d-6d84-49f7-abf1-c2c73f9e2458,Princeton,Tigers,PRIN,1746.0,The Tiger,The Princeton Cannon ,28.0,f9da8a38-d704-4a62-83fd-22ad5758446b,6457fab7-b7f1-4f6b-84be-cd713e36070d,e2f5eaae-e0e8-45b4-8cd5-3d6f7d048220
c5554609-655c-4e25-bf93-d6e6a98b0b6f,Mayville State,Comets,MSU,,,,,0640b507-31ce-453e-9a0e-675705aa5062,a590be2a-ad78-4ca1-818b-a14b4c369100,
c6525318-4dc0-4080-8f8d-52ef0123d8a2,Waldorf,Warriors,WC,,,,,0640b507-31ce-453e-9a0e-675705aa5062,a590be2a-ad78-4ca1-818b-a14b4c369100,
37da21e0-fa1e-11ef-a78f-778dbdf44fb0,Westgate Christian,Ravens,WEST,,,,,1bc171c1-fa1e-11ef-a78f-778dbdf44fb0,a590be2a-ad78-4ca1-818b-a14b4c369100,
273a5eb0-d148-11ec-8af1-3598bba809d8,St. Thomas (FL),Bobcats,UST,1961.0,,,,261eaf93-7726-4749-8581-06233b125d98,a590be2a-ad78-4ca1-818b-a14b4c369100,
6b1ebd18-bdfe-4fae-b53b-280b8d8c66dc,Ave Maria,Gyrenes,AVE,,,,,261eaf93-7726-4749-8581-06233b125d98,a590be2a-ad78-4ca1-818b-a14b4c369100,
c4ae5e6a-75dd-47ad-8a5f-6aa5b20cc2cb,Florida Memorial,Lions,FMU,,,,,261eaf93-7726-4749-8581-06233b125d98,a590be2a-ad78-4ca1-818b-a14b4c369100,
2ed1462d-6670-4094-a86d-d723ae3b1886,Warner,Royals,WARN,,,,,261eaf93-7726-4749-8581-06233b125d98,a590be2a-ad78-4ca1-818b-a14b4c369100,d1560e06-bfbc-4a52-94dd-253949d52cee
82adc0a0-d140-11ec-bd73-5fb6b9dd2642,Keiser,Seahawks,KEIS,1977.0,,,,261eaf93-7726-4749-8581-06233b125d98,a590be2a-ad78-4ca1-818b-a14b4c369100,
c8a2e426-e152-4c79-8f7c-33372a42e1a7,Webber International,Warriors,WEB,,,,,261eaf93-7726-4749-8581-06233b125d98,a590be2a-ad78-4ca1-818b-a14b4c369100,
ce773fda-b51b-40d0-84f8-51b3a174884c,Saint Xavier,Cougars,SXU,,,,,290e49a9-257c-45a8-99d2-296c13f247e7,a590be2a-ad78-4ca1-818b-a14b4c369100,
00470517-9853-44b2-8ecc-4d90ea5a76b3,Trinity International,Trojans,TIU,,,,,290e49a9-257c-45a8-99d2-296c13f247e7,a590be2a-ad78-4ca1-818b-a14b4c369100,
2d0bdc23-f380-4903-97c2-06c7cb6c30f1,Rocky Mountain College,Bears,RMC,,,,,310a49d2-421b-4f00-9b6c-2e5cf312c9f6,a590be2a-ad78-4ca1-818b-a14b4c369100,
4571a7ab-a595-4cd8-a06e-fcb6f722fe00,Montana-Western,Bulldogs,UMW,,,,,310a49d2-421b-4f00-9b6c-2e5cf312c9f6,a590be2a-ad78-4ca1-818b-a14b4c369100,
0d03d2d6-1243-4b1f-b3c8-45be1145ac7b,Carroll College,Fighting Saints,CAR,,,,,310a49d2-421b-4f00-9b6c-2e5cf312c9f6,a590be2a-ad78-4ca1-818b-a14b4c369100,
bad5aaf6-1c72-4c27-9c34-10f915570646,Southern Oregon,Raiders,SOR,,,,,310a49d2-421b-4f00-9b6c-2e5cf312c9f6,a590be2a-ad78-4ca1-818b-a14b4c369100,
a15ba9c7-77a2-4ced-83be-f70d1cb92df6,College of Idaho,Yotes,COI,,,,,310a49d2-421b-4f00-9b6c-2e5cf312c9f6,a590be2a-ad78-4ca1-818b-a14b4c369100,
6d9085d7-1a8a-4714-b8ee-d8a1b00d6a92,Oklahoma Panhandle State,Aggies,OPSU,,,,,50a92c00-888a-40c3-b223-9624dec9f2bd,a590be2a-ad78-4ca1-818b-a14b4c369100,
ff1fb4d9-06b0-4ff3-a931-53e0071b2cf4,Arizona Christian,Firestorm,ACU,,,,,50a92c00-888a-40c3-b223-9624dec9f2bd,a590be2a-ad78-4ca1-818b-a14b4c369100,
900df16a-e89b-4806-886c-f2413343d0a7,Wayland Baptist,Pioneers,WAYB,,,,,50a92c00-888a-40c3-b223-9624dec9f2bd,a590be2a-ad78-4ca1-818b-a14b4c369100,d3089b8c-7ce3-4171-aa74-8d4b1806f0b5
c0e09611-893e-426c-ae6e-873a65f33b69,Texas Wesleyan,Rams,TWU,,,,,50a92c00-888a-40c3-b223-9624dec9f2bd,a590be2a-ad78-4ca1-818b-a14b4c369100,
dbfc255d-ee7c-4b1a-9b42-dd822f7ec901,Louisiana Christian,Wildcats,LC,,,,,50a92c00-888a-40c3-b223-9624dec9f2bd,a590be2a-ad78-4ca1-818b-a14b4c369100,
63297e60-1982-11ed-99fe-2fc534480fcf,Faulkner,Eagles,FAUL,,,,,576b61f7-e51b-4e3e-aee3-d377d45be229,a590be2a-ad78-4ca1-818b-a14b4c369100,
cc6be95b-af60-43db-ab5d-0bdcfd1614c5,Middle Georgia State,Knights,MGC,,,,,576b61f7-e51b-4e3e-aee3-d377d45be229,a590be2a-ad78-4ca1-818b-a14b4c369100,
d24329bd-f636-475d-bccd-50fc18071945,Bethel (TN),Wildcats,BETHT,,,,,576b61f7-e51b-4e3e-aee3-d377d45be229,a590be2a-ad78-4ca1-818b-a14b4c369100,
1e64a215-05f4-46ff-8840-058348de0d97,Missouri Baptist,Spartans,MBU,,,,,5b0d932e-2cf4-4a19-a2fd-e6e3d6ee8e7a,a590be2a-ad78-4ca1-818b-a14b4c369100,
1032f2f8-6a94-43dd-9cdd-03a36804cb89,Union (KY),Bulldogs,UNIC,,,,,68307cdb-1510-49f9-a185-5e0811d0368d,a590be2a-ad78-4ca1-818b-a14b4c369100,
1be9f15a-922a-4eb3-bcf1-d40bd5a82423,Reinhardt,Eagles,REIN,,,,,68307cdb-1510-49f9-a185-5e0811d0368d,a590be2a-ad78-4ca1-818b-a14b4c369100,
af78bbe6-aae3-4a2b-af93-836bb0e35fad,Point University,Skyhawks,PU,,,,,68307cdb-1510-49f9-a185-5e0811d0368d,a590be2a-ad78-4ca1-818b-a14b4c369100,
6ea445c8-99a8-4952-8979-d27b7a39e26b,Eastern Oregon,Mountaineers,EOR,,,,,8f93d492-a152-4251-b81f-635774c0d14a,a590be2a-ad78-4ca1-818b-a14b4c369100,
f569e80e-ddce-4de6-a5cd-427f3e1454d0,Edward Waters,Tigers,EWC,,,,,916db4a1-2ed8-4373-b867-bbd8236f68e3,a590be2a-ad78-4ca1-818b-a14b4c369100,
31303230-d14a-11ec-8af1-3598bba809d8,Concordia (MI),Cardinals,CUMI,1963.0,,,,9d92d688-32ef-4cd4-855f-49f3214d9413,a590be2a-ad78-4ca1-818b-a14b4c369100,
018452d7-9b83-402b-9428-c8a34e87df5b,St. Francis (IL),Fighting Saints,SFIL,,,,,9d92d688-32ef-4cd4-855f-49f3214d9413,a590be2a-ad78-4ca1-818b-a14b4c369100,
72638a86-ccd4-46b6-aa0d-d14066b11966,Taylor,Trojans,TUT,,,,,9d92d688-32ef-4cd4-855f-49f3214d9413,a590be2a-ad78-4ca1-818b-a14b4c369100,017a0360-09ca-11ec-8704-19ad0bc4915f
ddb9ab12-01d2-4d1c-b40d-39790c1837c7,Indiana Wesleyan,Wildcats,IWE,,,,,9d92d688-32ef-4cd4-855f-49f3214d9413,a590be2a-ad78-4ca1-818b-a14b4c369100,4c83543d-caf7-46b1-804c-4508b04c634e
ec389220-dd6c-4055-b28c-7d1cc4268b86,Menlo,Oaks,MEN,,,,,a738a0f0-d2a2-4a42-b2ec-8e5c1b101e2e,a590be2a-ad78-4ca1-818b-a14b4c369100,
b5f83caf-279b-403c-bb8f-0a50ec1306a8,Hastings College,Broncos,HAST,,,,,a8b3bd39-35da-4734-be6e-b45f93ad0626,a590be2a-ad78-4ca1-818b-a14b4c369100,
fd1996f0-d33a-11ed-a207-11b55144eb6a,Northwestern (IA),Red Raiders,NWIA,1882.0,,,,a8b3bd39-35da-4734-be6e-b45f93ad0626,a590be2a-ad78-4ca1-818b-a14b4c369100,
4c6f21e2-622f-4ea7-8667-4820ae54a16e,William Penn,Statesmen,WPU,,,,,cf057f51-1f23-4afc-a6d7-679e9cf55018,a590be2a-ad78-4ca1-818b-a14b4c369100,
ac95cbb7-f2b8-4573-8963-dcff3acfbfd9,Grand View,Vikings,GVU,,,,,cf057f51-1f23-4afc-a6d7-679e9cf55018,a590be2a-ad78-4ca1-818b-a14b4c369100,
cf24d789-c074-4cae-b939-958e764e7e0f,Langston,Lions,LANG,,,,,e602d087-f616-4805-99b6-3e24a524561b,a590be2a-ad78-4ca1-818b-a14b4c369100,
42f93ad6-d650-4f44-9871-39d40945ad68,North American,Stallions,NAU,,,,,e602d087-f616-4805-99b6-3e24a524561b,a590be2a-ad78-4ca1-818b-a14b4c369100,
31ae1b90-6963-4d51-86dc-c3420dc5d499,Texas College,Steers,TEXC,,,,,e602d087-f616-4805-99b6-3e24a524561b,a590be2a-ad78-4ca1-818b-a14b4c369100,3d7d5c30-d54f-4876-afb0-40f330997b94
a30264db-f7dc-4ba4-b5f0-7d5ccdeae70d,Bacone,Warriors,BAC,,,,,e602d087-f616-4805-99b6-3e24a524561b,a590be2a-ad78-4ca1-818b-a14b4c369100,
3a4dd01a-14f3-4d0e-bf80-6b9a1f9ce508,Central Methodist,Eagles,CEME,,,,,e89a7459-c99d-4148-a4a1-20ed74a1deb0,a590be2a-ad78-4ca1-818b-a14b4c369100,
5fb09809-05fa-42cf-8636-311b8b4c2c04,Pikeville,Bears,UOP,,,,,eb7f8197-a82d-4ab3-831b-5a2c647618e0,a590be2a-ad78-4ca1-818b-a14b4c369100,
d7deff91-48fd-4aa2-b7da-5be3517143c8,Lindsey Wilson,Blue Raiders,LW,,,,,eb7f8197-a82d-4ab3-831b-5a2c647618e0,a590be2a-ad78-4ca1-818b-a14b4c369100,12f10ec4-49ec-4e2b-ae32-d913c2137ebd
0b1cdc10-d570-431a-90f1-c629130e9d5b,St. Andrews,Knights,STANW,,,,,eb7f8197-a82d-4ab3-831b-5a2c647618e0,a590be2a-ad78-4ca1-818b-a14b4c369100,
1d1a6543-c77e-4f57-b215-cdaf0e45b0e2,Kentucky Christian,Knights,KCU,,,,,eb7f8197-a82d-4ab3-831b-5a2c647618e0,a590be2a-ad78-4ca1-818b-a14b4c369100,
e19e9d6b-2339-499f-a370-68142810c920,Cumberland,Phoenix,CUMB,,,,,eb7f8197-a82d-4ab3-831b-5a2c647618e0,a590be2a-ad78-4ca1-818b-a14b4c369100,
cbf74a20-45d7-416e-ac9a-cb4965564005,Bluefield,Rams,BLUE,,,,,eb7f8197-a82d-4ab3-831b-5a2c647618e0,a590be2a-ad78-4ca1-818b-a14b4c369100,
f2874e00-e446-11ec-997e-b9b31b9613e9,Thomas More,Saints,TMC,,,,,eb7f8197-a82d-4ab3-831b-5a2c647618e0,a590be2a-ad78-4ca1-818b-a14b4c369100,
115a1013-4575-4c5b-b96a-9408deba6036,Campbellsville,Tigers,CMPB,,,,,eb7f8197-a82d-4ab3-831b-5a2c647618e0,a590be2a-ad78-4ca1-818b-a14b4c369100,
ba400900-033a-11ef-ad9e-ef53d092d221,Georgetown College,Tigers,GC,,,,,eb7f8197-a82d-4ab3-831b-5a2c647618e0,a590be2a-ad78-4ca1-818b-a14b4c369100,
f9892793-047e-4c2f-90c3-f705bc95e8a0,Southwestern (KS),Moundbuilders,SWC,,,,,f2ca3f96-4628-46e4-95c0-444cab0effef,a590be2a-ad78-4ca1-818b-a14b4c369100,
c717c1e3-3ab7-439c-9b75-dff83fc138f5,Bethany (KS),Swedes,BETH,,,,,f2ca3f96-4628-46e4-95c0-444cab0effef,a590be2a-ad78-4ca1-818b-a14b4c369100,
aae73600-d8ab-11ed-8008-21e6e877c549,Arkansas Baptist,Buffaloes,ABC,1884.0,,,,fd3b549b-4ae8-47da-b456-2519d83e133d,a590be2a-ad78-4ca1-818b-a14b4c369100,
d476d0cc-db5d-463d-ae30-5075ecb3c548,Virginia-Lynchburg,Dragons,VLB,,,,,ab0298d3-527e-40c8-ae4b-f328e5303aa6,aa5db6ca-f9b2-4ab9-8e07-6a249ddf0c82,
e53144d2-4305-422f-a4ce-43b4341cc2fc,Fort Lauderdale,Eagles,FOLA,,,,,ab0298d3-527e-40c8-ae4b-f328e5303aa6,aa5db6ca-f9b2-4ab9-8e07-6a249ddf0c82,
f33ab85a-2f44-43ea-85e0-155e97561b8e,University of Faith,Glory Eagles,UF-Eagles,,,,,ab0298d3-527e-40c8-ae4b-f328e5303aa6,aa5db6ca-f9b2-4ab9-8e07-6a249ddf0c82,
57efa70e-a3ed-463c-b1c7-7cf858fd4edd,Lynchburg,Hornets,LYN,,,,,ab0298d3-527e-40c8-ae4b-f328e5303aa6,aa5db6ca-f9b2-4ab9-8e07-6a249ddf0c82,
b5bacc1b-c282-4d2c-b687-747e5c612169,Concordia (AL),Hornets,CCA,,,,,ab0298d3-527e-40c8-ae4b-f328e5303aa6,aa5db6ca-f9b2-4ab9-8e07-6a249ddf0c82,
e38b87e4-46f0-448e-b155-853abea2b437,Lincoln (CA),Oaklanders,LUCA,,,,,ab0298d3-527e-40c8-ae4b-f328e5303aa6,aa5db6ca-f9b2-4ab9-8e07-6a249ddf0c82,
03ccfba9-247e-42d3-b9ce-66cb2730c059,College of Faith - Charlotte,Saints,CFC,,,,,ab0298d3-527e-40c8-ae4b-f328e5303aa6,aa5db6ca-f9b2-4ab9-8e07-6a249ddf0c82,
9784f0b3-d6ca-4c9b-9dca-377c40e76581,College of Faith (AR),Warriors,CFAR,,,,,ab0298d3-527e-40c8-ae4b-f328e5303aa6,aa5db6ca-f9b2-4ab9-8e07-6a249ddf0c82,
